candidate,seed,fold,fit_ms,predict_ms,leaves,trees,train_accuracy,validation_accuracy,train_f1_macro,validation_f1_macro,train_roc_auc,validation_roc_auc
majority,11,1,1.3349000073503703,0.34550001146271825,1.0,1,0.5,0.5,0.3333333333333333,0.3333333333333333,0.5,0.5
majority,11,2,0.7239999831654131,0.17869999282993376,1.0,1,0.5,0.5,0.3333333333333333,0.3333333333333333,0.5,0.5
majority,11,3,0.6136999872978777,0.1700999855529517,1.0,1,0.5,0.5,0.3333333333333333,0.3333333333333333,0.5,0.5
majority,11,4,0.7809999806340784,0.19689998589456081,1.0,1,0.5,0.5,0.3333333333333333,0.3333333333333333,0.5,0.5
majority,11,5,0.7584999839309603,0.4068000125698745,1.0,1,0.5,0.5,0.3333333333333333,0.3333333333333333,0.5,0.5
majority,23,1,0.6413999944925308,0.17059998936019838,1.0,1,0.5,0.5,0.3333333333333333,0.3333333333333333,0.5,0.5
majority,23,2,0.587500020628795,0.19190000602975488,1.0,1,0.5,0.5,0.3333333333333333,0.3333333333333333,0.5,0.5
majority,23,3,0.6437999836634845,0.19859999883919954,1.0,1,0.5,0.5,0.3333333333333333,0.3333333333333333,0.5,0.5
majority,23,4,0.5841999955009669,0.16789999790489674,1.0,1,0.5,0.5,0.3333333333333333,0.3333333333333333,0.5,0.5
majority,23,5,0.7618000090587884,0.21329999435693026,1.0,1,0.5,0.5,0.3333333333333333,0.3333333333333333,0.5,0.5
majority,42,1,0.676800002111122,0.1931999868247658,1.0,1,0.5,0.5,0.3333333333333333,0.3333333333333333,0.5,0.5
majority,42,2,0.6410999922081828,0.17220000154338777,1.0,1,0.5,0.5,0.3333333333333333,0.3333333333333333,0.5,0.5
majority,42,3,0.5947000172454864,0.16490000416524708,1.0,1,0.5,0.5,0.3333333333333333,0.3333333333333333,0.5,0.5
majority,42,4,0.6434999813791364,0.1742999884299934,1.0,1,0.5,0.5,0.3333333333333333,0.3333333333333333,0.5,0.5
majority,42,5,0.5903999845031649,0.1652000064495951,1.0,1,0.5,0.5,0.3333333333333333,0.3333333333333333,0.5,0.5
majority,67,1,0.6948000227566808,0.17179999849759042,1.0,1,0.5,0.5,0.3333333333333333,0.3333333333333333,0.5,0.5
majority,67,2,0.5935999797657132,0.16709999181330204,1.0,1,0.5,0.5,0.3333333333333333,0.3333333333333333,0.5,0.5
majority,67,3,0.6240999791771173,0.17770001431927085,1.0,1,0.5,0.5,0.3333333333333333,0.3333333333333333,0.5,0.5
majority,67,4,0.5868999869562685,0.16580001101829112,1.0,1,0.5,0.5,0.3333333333333333,0.3333333333333333,0.5,0.5
majority,67,5,0.6351000047288835,0.17530002514831722,1.0,1,0.5,0.5,0.3333333333333333,0.3333333333333333,0.5,0.5
majority,101,1,0.6505000055767596,0.1804000057745725,1.0,1,0.5,0.5,0.3333333333333333,0.3333333333333333,0.5,0.5
majority,101,2,0.5870000168215483,0.16510000568814576,1.0,1,0.5,0.5,0.3333333333333333,0.3333333333333333,0.5,0.5
majority,101,3,0.6047000060789287,0.16510000568814576,1.0,1,0.5,0.5,0.3333333333333333,0.3333333333333333,0.5,0.5
majority,101,4,0.652400020044297,0.18540001474320889,1.0,1,0.5,0.5,0.3333333333333333,0.3333333333333333,0.5,0.5
majority,101,5,0.6593000143766403,0.17259997548535466,1.0,1,0.5,0.5,0.3333333333333333,0.3333333333333333,0.5,0.5
stump,11,1,3.2642000005580485,0.40469999657943845,2.0,1,0.8732638888888888,0.8680555555555556,0.8732635068947329,0.8678962869972477,0.8732638888888888,0.8680555555555557
stump,11,2,3.462799999397248,0.41859998600557446,2.0,1,0.8784722222222222,0.8472222222222222,0.8784590341833967,0.847192745514181,0.8784722222222221,0.8472222222222223
stump,11,3,2.665000007255003,0.33080001594498754,2.0,1,0.875,0.8611111111111112,0.8749984929409353,0.8610843141038009,0.875,0.8611111111111112
stump,11,4,2.789600024698302,0.41290000081062317,2.0,1,0.8680555555555556,0.8541666666666666,0.8677430270218012,0.8533106960950764,0.8680555555555555,0.8541666666666666
stump,11,5,4.340600018622354,1.0332000092603266,2.0,1,0.8680555555555556,0.8680555555555556,0.8679982631350412,0.8679982631350412,0.8680555555555556,0.8680555555555556
stump,23,1,2.7873000071849674,0.3488000074867159,2.0,1,0.8802083333333334,0.8402777777777778,0.8802050836882511,0.8402700747528333,0.8802083333333334,0.8402777777777779
stump,23,2,2.755499997874722,0.34359999699518085,2.0,1,0.8628472222222222,0.9027777777777778,0.8628368867011704,0.9027590198726606,0.8628472222222222,0.9027777777777777
stump,23,3,2.7945000038016587,0.4076999903190881,2.0,1,0.8715277777777778,0.8541666666666666,0.8715215818664095,0.8533106960950764,0.8715277777777778,0.8541666666666666
stump,23,4,2.654200012329966,0.4901000065729022,2.0,1,0.8697916666666666,0.8819444444444444,0.8697912742069174,0.8818931828050369,0.8697916666666666,0.8819444444444445
stump,23,5,2.598599996417761,0.34100000630132854,2.0,1,0.8819444444444444,0.8333333333333334,0.8819088508062085,0.8330434782608696,0.8819444444444446,0.8333333333333334
stump,42,1,3.2645000028423965,0.4571000172290951,2.0,1,0.8628472222222222,0.9027777777777778,0.8628368867011704,0.9027590198726606,0.8628472222222222,0.9027777777777777
stump,42,2,2.700199984246865,0.364800012903288,2.0,1,0.8784722222222222,0.8472222222222222,0.8784663612249819,0.8472222222222222,0.8784722222222222,0.8472222222222222
stump,42,3,3.3512999943923205,1.021600008243695,2.0,1,0.875,0.8611111111111112,0.8749939715456957,0.8611111111111112,0.875,0.8611111111111112
stump,42,4,3.9517999975942075,0.6028999923728406,2.0,1,0.8715277777777778,0.875,0.8715215818664095,0.8746130030959752,0.8715277777777778,0.875
stump,42,5,3.5479000071063638,0.8501999836880714,2.0,1,0.8732638888888888,0.8611111111111112,0.8732451684668417,0.8610843141038009,0.8732638888888888,0.8611111111111112
stump,67,1,3.877799987094477,0.8023999980650842,2.0,1,0.8767361111111112,0.8472222222222222,0.8767327672734178,0.8472222222222222,0.876736111111111,0.8472222222222222
stump,67,2,4.022799985250458,0.5251999828033149,2.0,1,0.8680555555555556,0.8819444444444444,0.8680491921871232,0.8819387509042682,0.8680555555555556,0.8819444444444444
stump,67,3,2.901400002883747,0.443600001744926,2.0,1,0.8802083333333334,0.8402777777777778,0.880207972270364,0.84020842379505,0.8802083333333334,0.8402777777777778
stump,67,4,2.865300019038841,0.4014000005554408,2.0,1,0.8645833333333334,0.9027777777777778,0.8645425053365332,0.9026086956521739,0.8645833333333333,0.9027777777777778
stump,67,5,2.892699994845316,0.4110999871045351,2.0,1,0.8767361111111112,0.8263888888888888,0.8765392592234797,0.8253698763036623,0.876736111111111,0.826388888888889
stump,101,1,2.6227000053040683,0.3384999872650951,2.0,1,0.8663194444444444,0.8958333333333334,0.8663190415191018,0.8957075949978273,0.8663194444444445,0.8958333333333334
stump,101,2,3.677599976072088,0.6271000020205975,2.0,1,0.875,0.8402777777777778,0.8749261113456783,0.8402700747528333,0.875,0.8402777777777779
stump,101,3,3.180100000463426,0.741700001526624,2.0,1,0.8715277777777778,0.8680555555555556,0.8715277777777778,0.8678962869972477,0.8715277777777777,0.8680555555555557
stump,101,4,3.1709999893791974,0.3318999952170998,2.0,1,0.8732638888888888,0.8611111111111112,0.8732451684668417,0.8610038610038611,0.8732638888888888,0.8611111111111112
stump,101,5,4.150599997956306,0.6440000142902136,2.0,1,0.8784722222222222,0.8472222222222222,0.8784590341833967,0.847192745514181,0.8784722222222221,0.8472222222222223
depth_1,11,1,3.743199980817735,0.45009999303147197,2.0,1,0.8732638888888888,0.8680555555555556,0.8732635068947329,0.8678962869972477,0.8732638888888888,0.8680555555555557
depth_1,11,2,2.707500010728836,0.4634000069927424,2.0,1,0.8784722222222222,0.8472222222222222,0.8784590341833967,0.847192745514181,0.8784722222222221,0.8472222222222223
depth_1,11,3,2.6141000271309167,0.3417000116314739,2.0,1,0.875,0.8611111111111112,0.8749984929409353,0.8610843141038009,0.875,0.8611111111111112
depth_1,11,4,2.909600007114932,0.37289998726919293,2.0,1,0.8680555555555556,0.8541666666666666,0.8677430270218012,0.8533106960950764,0.8680555555555555,0.8541666666666666
depth_1,11,5,2.6394999877084047,0.31740000122226775,2.0,1,0.8680555555555556,0.8680555555555556,0.8679982631350412,0.8679982631350412,0.8680555555555556,0.8680555555555556
depth_1,23,1,2.618600003188476,0.3360000264365226,2.0,1,0.8802083333333334,0.8402777777777778,0.8802050836882511,0.8402700747528333,0.8802083333333334,0.8402777777777779
depth_1,23,2,2.7534000109881163,0.4515000036917627,2.0,1,0.8628472222222222,0.9027777777777778,0.8628368867011704,0.9027590198726606,0.8628472222222222,0.9027777777777777
depth_1,23,3,2.651200018590316,0.3282999969087541,2.0,1,0.8715277777777778,0.8541666666666666,0.8715215818664095,0.8533106960950764,0.8715277777777778,0.8541666666666666
depth_1,23,4,2.976099989609793,0.4351999959908426,2.0,1,0.8697916666666666,0.8819444444444444,0.8697912742069174,0.8818931828050369,0.8697916666666666,0.8819444444444445
depth_1,23,5,2.6055999915115535,0.33439998514950275,2.0,1,0.8819444444444444,0.8333333333333334,0.8819088508062085,0.8330434782608696,0.8819444444444446,0.8333333333333334
depth_1,42,1,2.680799982044846,0.3237999917473644,2.0,1,0.8628472222222222,0.9027777777777778,0.8628368867011704,0.9027590198726606,0.8628472222222222,0.9027777777777777
depth_1,42,2,2.7279999922029674,0.32610000926069915,2.0,1,0.8784722222222222,0.8472222222222222,0.8784663612249819,0.8472222222222222,0.8784722222222222,0.8472222222222222
depth_1,42,3,2.675600000657141,0.3369000041857362,2.0,1,0.875,0.8611111111111112,0.8749939715456957,0.8611111111111112,0.875,0.8611111111111112
depth_1,42,4,2.6485999987926334,0.33920002169907093,2.0,1,0.8715277777777778,0.875,0.8715215818664095,0.8746130030959752,0.8715277777777778,0.875
depth_1,42,5,2.799200010485947,0.5041999975219369,2.0,1,0.8732638888888888,0.8611111111111112,0.8732451684668417,0.8610843141038009,0.8732638888888888,0.8611111111111112
depth_1,67,1,2.659299992956221,0.31999999191612005,2.0,1,0.8767361111111112,0.8472222222222222,0.8767327672734178,0.8472222222222222,0.876736111111111,0.8472222222222222
depth_1,67,2,2.6851000147871673,0.4557000065688044,2.0,1,0.8680555555555556,0.8819444444444444,0.8680491921871232,0.8819387509042682,0.8680555555555556,0.8819444444444444
depth_1,67,3,2.6712000253610313,0.3411000070627779,2.0,1,0.8802083333333334,0.8402777777777778,0.880207972270364,0.84020842379505,0.8802083333333334,0.8402777777777778
depth_1,67,4,2.8165999974589795,0.3206999972462654,2.0,1,0.8645833333333334,0.9027777777777778,0.8645425053365332,0.9026086956521739,0.8645833333333333,0.9027777777777778
depth_1,67,5,2.786600001854822,0.3504000196699053,2.0,1,0.8767361111111112,0.8263888888888888,0.8765392592234797,0.8253698763036623,0.876736111111111,0.826388888888889
depth_1,101,1,3.3653000136837363,0.44930001604370773,2.0,1,0.8663194444444444,0.8958333333333334,0.8663190415191018,0.8957075949978273,0.8663194444444445,0.8958333333333334
depth_1,101,2,2.611500007333234,0.34829997457563877,2.0,1,0.875,0.8402777777777778,0.8749261113456783,0.8402700747528333,0.875,0.8402777777777779
depth_1,101,3,2.7418999816291034,0.32839999767020345,2.0,1,0.8715277777777778,0.8680555555555556,0.8715277777777778,0.8678962869972477,0.8715277777777777,0.8680555555555557
depth_1,101,4,3.421500005060807,0.48359998618252575,2.0,1,0.8732638888888888,0.8611111111111112,0.8732451684668417,0.8610038610038611,0.8732638888888888,0.8611111111111112
depth_1,101,5,2.8717999812215567,0.3601000062189996,2.0,1,0.8784722222222222,0.8472222222222222,0.8784590341833967,0.847192745514181,0.8784722222222221,0.8472222222222223
depth_2,11,1,3.835099982097745,0.49229999422095716,4.0,1,0.8836805555555556,0.8611111111111112,0.8836633737983342,0.8611111111111112,0.9235508294753088,0.8652584876543211
depth_2,11,2,4.133800015551969,0.4833000130020082,4.0,1,0.8854166666666666,0.8611111111111112,0.8854152851958574,0.8610038610038611,0.9194999035493827,0.8993055555555556
depth_2,11,3,3.464399982476607,0.3260000084992498,4.0,1,0.8819444444444444,0.875,0.8819316332067282,0.875,0.9193371431327161,0.9058641975308642
depth_2,11,4,3.45509999897331,0.32419999479316175,4.0,1,0.8680555555555556,0.8541666666666666,0.8677430270218012,0.8533106960950764,0.9163532021604938,0.9106867283950617
depth_2,11,5,3.7093000137247145,0.35719998413696885,4.0,1,0.8680555555555556,0.8680555555555556,0.8679982631350412,0.8679982631350412,0.9166425540123456,0.9112654320987653
depth_2,23,1,4.275199986295775,0.47289999201893806,4.0,1,0.8888888888888888,0.8472222222222222,0.8888768312533912,0.8472222222222222,0.922899787808642,0.8914930555555556
depth_2,23,2,3.393899998627603,0.47610001638531685,4.0,1,0.8732638888888888,0.9027777777777778,0.8732543383441196,0.9027590198726606,0.9129714023919754,0.9332561728395061
depth_2,23,3,3.500399994663894,0.32699998700991273,4.0,1,0.8767361111111112,0.8541666666666666,0.8767357395825484,0.8535947712418301,0.9131763599537038,0.8691165123456789
depth_2,23,4,4.608599992934614,0.5447000148706138,4.0,1,0.8697916666666666,0.8819444444444444,0.8697912742069174,0.8818931828050369,0.9239185474537037,0.9065393518518519
depth_2,23,5,3.5164000000804663,0.32640001154504716,4.0,1,0.8888888888888888,0.8472222222222222,0.8888875492808315,0.846749226006192,0.9182581018518519,0.915991512345679
depth_2,42,1,3.6444999859668314,0.3600000054575503,4.0,1,0.8732638888888888,0.9027777777777778,0.8732543383441196,0.9027590198726606,0.9103069540895062,0.9444444444444443
depth_2,42,2,4.191799991531298,0.4661999992094934,4.0,1,0.8871527777777778,0.8541666666666666,0.8871442738680517,0.8541596334699784,0.9230324074074076,0.8900462962962963
depth_2,42,3,3.4619000216480345,0.34260001848451793,4.0,1,0.8836805555555556,0.8611111111111112,0.8836802049581796,0.8610038610038611,0.9196686921296295,0.8844521604938272
depth_2,42,4,3.4411999804433435,0.32220000866800547,4.0,1,0.8767361111111112,0.875,0.8767179035773391,0.8746130030959752,0.9159010898919753,0.8914930555555556
depth_2,42,5,3.554199996870011,0.3532000118866563,4.0,1,0.8836805555555556,0.8611111111111112,0.8836774001030844,0.8610843141038009,0.919409481095679,0.9041280864197532
depth_2,67,1,4.952200019033626,0.5138000124134123,4.0,1,0.8819444444444444,0.8680555555555556,0.8819387509042682,0.8679982631350412,0.9205789448302468,0.9038387345679012
depth_2,67,2,3.739300009328872,0.36210002144798636,4.0,1,0.8802083333333334,0.8680555555555556,0.8801993061060855,0.8680491921871232,0.9173900462962963,0.9088541666666667
depth_2,67,3,3.879600000800565,0.4311000229790807,4.0,1,0.8854166666666666,0.8611111111111112,0.8854042322300597,0.8611111111111112,0.9206090856481481,0.900655864197531
depth_2,67,4,4.155200003879145,0.4116999916732311,4.0,1,0.875,0.9027777777777778,0.875,0.9026086956521739,0.909227912808642,0.9463734567901234
depth_2,67,5,4.798200010554865,0.596199999563396,4.0,1,0.8767361111111112,0.8263888888888888,0.8765392592234797,0.8253698763036623,0.9217664930555556,0.8915895061728396
depth_2,101,1,3.4527000098023564,0.575500016566366,4.0,1,0.875,0.9027777777777778,0.8749758826934207,0.9027590198726606,0.9159432870370371,0.9244791666666666
depth_2,101,2,3.416299994569272,0.3324999997857958,4.0,1,0.875,0.8402777777777778,0.8749261113456783,0.8402700747528333,0.9145628375771605,0.8957368827160495
depth_2,101,3,3.4450000093784183,0.3244000254198909,4.0,1,0.8802083333333334,0.8680555555555556,0.8801790801790801,0.8678962869972477,0.9198254243827161,0.8902391975308643
depth_2,101,4,3.652899991720915,0.45429999590851367,4.0,1,0.8819444444444444,0.8680555555555556,0.8819430211108834,0.8678962869972477,0.9166124131944444,0.9195601851851851
depth_2,101,5,3.9263999788090587,0.36150001687929034,4.0,1,0.8871527777777778,0.8472222222222222,0.8871497165179176,0.8471042471042471,0.9211516203703703,0.8935185185185185
depth_3,11,1,4.257900000084192,0.3279999946244061,7.0,1,0.8923611111111112,0.8611111111111112,0.8923611111111112,0.8611111111111112,0.9401765046296295,0.8738425925925928
depth_3,11,2,6.248799996683374,0.7094999891705811,8.0,1,0.8958333333333334,0.8611111111111112,0.8958220293000543,0.8610843141038009,0.9371262538580247,0.8872492283950616
depth_3,11,3,4.447999992407858,0.43039998854510486,8.0,1,0.8923611111111112,0.8819444444444444,0.8923494302767228,0.8818931828050369,0.9361014660493826,0.9161844135802468
depth_3,11,4,5.379999987781048,0.4003999929409474,8.0,1,0.890625,0.8541666666666666,0.8905982905982905,0.853821240392517,0.9294825424382717,0.8973765432098766
depth_3,11,5,4.550900019239634,0.4903000080958009,8.0,1,0.8819444444444444,0.8680555555555556,0.8818931828050369,0.8679982631350412,0.9377712673611112,0.9017168209876543
depth_3,23,1,4.2391000024508685,0.3278000222053379,8.0,1,0.9010416666666666,0.8472222222222222,0.9010342093919838,0.8471042471042471,0.9400981385030864,0.884741512345679
depth_3,23,2,4.244199983077124,0.3265000123064965,8.0,1,0.8836805555555556,0.9027777777777778,0.8836717899870685,0.9027590198726606,0.9330210744598765,0.9311342592592593
depth_3,23,3,4.310799995437264,0.3711000026669353,8.0,1,0.890625,0.8263888888888888,0.8905692581881565,0.8249623182768513,0.9268060378086419,0.8954475308641975
depth_3,23,4,5.478100007167086,0.4545999981928617,8.0,1,0.8836805555555556,0.7777777777777778,0.8832974988433171,0.775,0.9439320505401234,0.8930362654320988
depth_3,23,5,4.904999979771674,0.9984999778680503,8.0,1,0.890625,0.8472222222222222,0.8906167577490347,0.846749226006192,0.9391698013117283,0.9214891975308642
depth_3,42,1,4.26260000676848,0.34470000537112355,8.0,1,0.8819444444444444,0.9097222222222222,0.8819387509042682,0.9097178683385581,0.9259681230709876,0.9415509259259258
depth_3,42,2,4.196199995931238,0.32500000088475645,8.0,1,0.9010416666666666,0.8402777777777778,0.9010270493508216,0.8402700747528333,0.9311222029320988,0.8806905864197532
depth_3,42,3,4.217799985781312,0.32350001856684685,7.0,1,0.8836805555555556,0.8611111111111112,0.8836802049581796,0.8610038610038611,0.9383981963734567,0.8861882716049383
depth_3,42,4,4.893400007858872,0.3845000173896551,7.0,1,0.8888888888888888,0.8680555555555556,0.8888875492808315,0.8672811059907835,0.9370840567129631,0.8776041666666665
depth_3,42,5,4.508399986661971,0.5281000048853457,8.0,1,0.8923611111111112,0.8680555555555556,0.8923559199421268,0.8679982631350412,0.9378134645061728,0.8935185185185185
depth_3,67,1,4.194900015136227,0.3226999833714217,8.0,1,0.890625,0.875,0.8906167577490347,0.8749758826934207,0.9396158854166667,0.9143518518518519
depth_3,67,2,4.410399997141212,0.42979998397640884,8.0,1,0.8819444444444444,0.8680555555555556,0.8819387509042682,0.8680491921871232,0.9372106481481481,0.9036458333333334
depth_3,67,3,4.296300001442432,0.38369998219422996,8.0,1,0.9027777777777778,0.8263888888888888,0.9027484653698188,0.8261793249963787,0.94214168595679,0.8452932098765432
depth_3,67,4,4.658300022128969,0.45280001359060407,8.0,1,0.8767361111111112,0.9027777777777778,0.8767327672734178,0.9026086956521739,0.9285964023919754,0.9397183641975309
depth_3,67,5,5.192299984628335,0.4941000079270452,8.0,1,0.8958333333333334,0.8402777777777778,0.895828309621413,0.8400849789966685,0.9355770158179012,0.8967013888888891
depth_3,101,1,5.181299988180399,0.8470000175293535,8.0,1,0.8767361111111112,0.8958333333333334,0.8767179035773391,0.8957881024750325,0.9325207368827161,0.9085648148148147
depth_3,101,2,4.186400008620694,0.32519997330382466,8.0,1,0.890625,0.8680555555555556,0.8906088440193292,0.8679982631350412,0.9250036168981481,0.8993055555555556
depth_3,101,3,4.232699982821941,0.3217000048607588,8.0,1,0.8923611111111112,0.8611111111111112,0.8923611111111112,0.8608695652173913,0.9398570119598766,0.8912037037037037
depth_3,101,4,4.216900008032098,0.33829998574219644,8.0,1,0.8923611111111112,0.8680555555555556,0.8923403434304458,0.8679982631350412,0.9319661458333331,0.9026813271604939
depth_3,101,5,5.097999994177371,0.45670001418329775,8.0,1,0.8940972222222222,0.8263888888888888,0.8940253535655147,0.8263135041250542,0.9357277199074076,0.8909143518518519
depth_4,11,1,5.79460000153631,0.4980000085197389,13.0,1,0.8958333333333334,0.8472222222222222,0.895828309621413,0.847192745514181,0.9491765528549382,0.8668016975308643
depth_4,11,2,4.972800001269206,0.3386999887879938,14.0,1,0.9079861111111112,0.8541666666666666,0.9079858337728883,0.8541033434650456,0.9524197048611112,0.8831018518518519
depth_4,11,3,4.976900003384799,0.32770002144388855,15.0,1,0.9027777777777778,0.875,0.9027672273467173,0.875,0.9528838734567902,0.9084683641975309
depth_4,11,4,4.9959000025410205,0.3285999991931021,15.0,1,0.9149305555555556,0.8472222222222222,0.9148563895416713,0.8464818763326225,0.9452703028549381,0.8887924382716049
depth_4,11,5,4.9811000062618405,0.34950001281686127,14.0,1,0.8940972222222222,0.8472222222222222,0.8940969030216261,0.8472222222222222,0.9499300733024691,0.8946759259259258
depth_4,23,1,5.997000000206754,0.44850000995211303,14.0,1,0.9149305555555556,0.8402777777777778,0.9149282478365841,0.84020842379505,0.9538544077932098,0.8838734567901236
depth_4,23,2,5.892599991057068,0.4702000005636364,15.0,1,0.890625,0.9027777777777778,0.8906088440193292,0.9027027027027027,0.9480613425925924,0.9230324074074074
depth_4,23,3,6.506599980639294,0.49470001249574125,14.0,1,0.8975694444444444,0.8611111111111112,0.8975691357094416,0.8608695652173913,0.9479890046296297,0.8811728395061729
depth_4,23,4,4.947599984006956,1.0569999867584556,14.0,1,0.8993055555555556,0.8333333333333334,0.8992618323925314,0.8333333333333334,0.9560848283179012,0.8672839506172838
depth_4,23,5,5.672399973263964,0.4504999960772693,15.0,1,0.9079861111111112,0.8194444444444444,0.9079836150069175,0.8188854489164087,0.9521725501543211,0.8754822530864197
depth_4,42,1,5.002599995350465,0.3245999978389591,15.0,1,0.8888888888888888,0.8958333333333334,0.8888232100850474,0.8957881024750325,0.9442635995370372,0.9462770061728395
depth_4,42,2,4.932900017593056,0.3267000138293952,14.0,1,0.9114583333333334,0.8611111111111112,0.911426030061359,0.8610843141038009,0.9465904706790124,0.9008487654320987
depth_4,42,3,5.008300009649247,0.3336999798193574,13.0,1,0.9097222222222222,0.8472222222222222,0.9096950035576888,0.8472222222222222,0.9538785204475309,0.8826195987654321
depth_4,42,4,4.992599977413192,0.3327000013086945,13.0,1,0.90625,0.8680555555555556,0.9062319120200656,0.8675381263616557,0.9499361014660495,0.868923611111111
depth_4,42,5,5.720400018617511,0.4788000078406185,13.0,1,0.9010416666666666,0.8472222222222222,0.9010270493508216,0.8471042471042471,0.9538423514660495,0.8860918209876543
depth_4,67,1,6.071999989217147,0.5521999846678227,15.0,1,0.8940972222222222,0.8680555555555556,0.8940943493475844,0.8679982631350412,0.9542100694444444,0.9035493827160495
depth_4,67,2,4.990899993572384,0.3365999727975577,14.0,1,0.90625,0.8472222222222222,0.9061368354980446,0.8471042471042471,0.9500024112654322,0.8978587962962962
depth_4,67,3,5.600999982561916,0.37349999183788896,13.0,1,0.9166666666666666,0.8263888888888888,0.9166505884622805,0.8261793249963787,0.9542341820987656,0.8188657407407407
depth_4,67,4,5.0731000083032995,0.35849999403581023,14.0,1,0.8975694444444444,0.8888888888888888,0.8975666657624176,0.8886956521739131,0.9496045524691358,0.9311342592592593
depth_4,67,5,5.199499981245026,0.4118999931961298,16.0,1,0.9149305555555556,0.8402777777777778,0.9147432237718511,0.8398994537632329,0.944920669367284,0.8477044753086419
depth_4,101,1,6.120699981693178,0.4758999857585877,14.0,1,0.8958333333333334,0.8680555555555556,0.8957075949978273,0.8675381263616557,0.9491403838734568,0.8938078703703705
depth_4,101,2,6.556700012879446,0.4754000110551715,14.0,1,0.9045138888888888,0.8680555555555556,0.9044905711572377,0.8679982631350412,0.9451798804012345,0.908275462962963
depth_4,101,3,5.08189998799935,0.46660000225529075,14.0,1,0.8975694444444444,0.8611111111111112,0.8975691357094416,0.8608695652173913,0.9558376736111113,0.9048032407407407
depth_4,101,4,6.524399999761954,0.4512000014074147,14.0,1,0.9045138888888888,0.8333333333333334,0.9045112985920842,0.8330434782608696,0.9481336805555556,0.8903356481481481
depth_4,101,5,5.230200011283159,0.3426999901421368,15.0,1,0.9027777777777778,0.8263888888888888,0.9027203088244165,0.8263135041250542,0.9563380111882716,0.8783757716049382
depth_5,11,1,5.8290000015404075,0.4036000173073262,22.0,1,0.9079861111111112,0.8263888888888888,0.9075623381932143,0.8257080610021786,0.9585865162037037,0.8532986111111112
depth_5,11,2,6.203299999469891,0.45020002289675176,22.0,1,0.9184027777777778,0.8472222222222222,0.9183966287968989,0.847192745514181,0.9697687596450617,0.8784722222222222
depth_5,11,3,5.818400008138269,0.3383000148460269,23.0,1,0.9236111111111112,0.8333333333333334,0.9234551495016612,0.8330434782608696,0.9636923707561729,0.8695987654320987
depth_5,11,4,6.128800014266744,0.6102000188548118,24.0,1,0.9340277777777778,0.8333333333333334,0.933976833976834,0.8328173374613003,0.9606421199845679,0.8317901234567902
depth_5,11,5,5.567499989410862,0.32389999250881374,23.0,1,0.9166666666666666,0.8263888888888888,0.9165217391304348,0.8261793249963787,0.9653380594135802,0.865258487654321
depth_5,23,1,5.705899995518848,0.3330999752506614,23.0,1,0.9236111111111112,0.8402777777777778,0.9236074270557029,0.8402700747528333,0.9698531539351851,0.8969907407407407
depth_5,23,2,5.702399997971952,0.3299000090919435,23.0,1,0.9079861111111112,0.8611111111111112,0.9078636425370094,0.8610038610038611,0.9699616608796297,0.9266975308641976
depth_5,23,3,5.808800022350624,0.3989000106230378,22.0,1,0.9201388888888888,0.8402777777777778,0.9200424894983341,0.8393402861993693,0.9633728780864198,0.873263888888889
depth_5,23,4,5.81529998453334,0.4037999897263944,23.0,1,0.9236111111111112,0.8333333333333334,0.9236101901305716,0.8333011769245611,0.9680869020061729,0.8628472222222223
depth_5,23,5,6.140799989225343,0.38129999302327633,22.0,1,0.9236111111111112,0.8472222222222222,0.92356595693347,0.8471042471042471,0.9683641975308642,0.8764467592592593
depth_5,42,1,6.797500012908131,0.45789999421685934,23.0,1,0.90625,0.8958333333333334,0.9061368354980446,0.895828309621413,0.9587733892746914,0.933545524691358
depth_5,42,2,6.61090001813136,0.4799000162165612,22.0,1,0.9184027777777778,0.8402777777777778,0.9183966287968989,0.8402700747528333,0.9582187982253086,0.8891782407407408
depth_5,42,3,6.9438999926205724,0.46690000453963876,22.0,1,0.9270833333333334,0.8402777777777778,0.927075420510038,0.8402700747528333,0.9690755208333334,0.8423996913580247
depth_5,42,4,6.632300006458536,0.4545000265352428,20.0,1,0.9131944444444444,0.875,0.9131902580178443,0.8747826086956522,0.9600995852623456,0.870949074074074
depth_5,42,5,6.634899997152388,0.36440000985749066,21.0,1,0.9149305555555556,0.8333333333333334,0.9149282478365841,0.8333011769245611,0.9660915798611112,0.8586998456790124
depth_5,67,1,6.4971999963745475,0.4149999876972288,22.0,1,0.9027777777777778,0.8541666666666666,0.9027777777777778,0.8541033434650456,0.9651391300154321,0.8827160493827161
depth_5,67,2,5.676799977663904,0.3304000128991902,23.0,1,0.9166666666666666,0.8472222222222222,0.9166656619606235,0.847192745514181,0.9610942322530864,0.8981481481481483
depth_5,67,3,6.506900012027472,0.40729998727329075,20.0,1,0.921875,0.8263888888888888,0.921869112677882,0.8261793249963787,0.969334731867284,0.8133680555555555
depth_5,67,4,6.71459999284707,0.6285000126808882,20.0,1,0.9184027777777778,0.8888888888888888,0.918382851716185,0.8888030888030888,0.958767361111111,0.9134837962962963
depth_5,67,5,6.781900010537356,0.4653999931178987,26.0,1,0.9322916666666666,0.8263888888888888,0.932119600525783,0.8257080610021786,0.9642349054783951,0.7888695987654321
depth_5,101,1,5.795000004582107,0.6257000204641372,22.0,1,0.921875,0.8819444444444444,0.9217275502716283,0.8812515158864904,0.9604311342592593,0.8860918209876543
depth_5,101,2,5.9819000016432256,0.7052000146359205,23.0,1,0.9253472222222222,0.8680555555555556,0.9253199861301654,0.8678962869972477,0.9616307388117284,0.880883487654321
depth_5,101,3,5.914500012295321,0.42260001646354795,20.0,1,0.9184027777777778,0.8402777777777778,0.9184005642514175,0.8400849789966685,0.9728310667438272,0.9034529320987654
depth_5,101,4,6.393899995600805,0.4057000041939318,22.0,1,0.9131944444444444,0.8472222222222222,0.9131933978756496,0.8471042471042471,0.9599790219907409,0.8861882716049382
depth_5,101,5,6.469599989941344,0.3958999877795577,22.0,1,0.9288194444444444,0.8194444444444444,0.9288175134959173,0.8194096083349411,0.9700038580246915,0.8740354938271605
depth_6,11,1,6.36790000135079,0.33580002491362393,29.0,1,0.9236111111111112,0.8541666666666666,0.9236028214867065,0.8541596334699784,0.9678397472993827,0.8639081790123456
depth_6,11,2,6.350400013616309,0.3628000267781317,33.0,1,0.9340277777777778,0.8194444444444444,0.9340245960935616,0.8194096083349411,0.9825966917438271,0.8579282407407407
depth_6,11,3,6.221000017831102,0.44940001680515707,31.0,1,0.9409722222222222,0.8680555555555556,0.9408695652173913,0.8678962869972477,0.9767132040895062,0.8777006172839505
depth_6,11,4,6.4175000006798655,0.3831000067293644,34.0,1,0.9513888888888888,0.8402777777777778,0.951304347826087,0.8396514161220043,0.9721378279320987,0.7868441358024691
depth_6,11,5,6.765700003597885,0.4158999945502728,32.0,1,0.9340277777777778,0.8402777777777778,0.9338930836605255,0.8400849789966685,0.9762610918209876,0.871141975308642
depth_6,23,1,6.158500007586554,0.3321999975014478,33.0,1,0.9340277777777778,0.8472222222222222,0.9340277777777778,0.8471042471042471,0.9839470003858025,0.8757716049382716
depth_6,23,2,5.967300006886944,0.33370000892318785,31.0,1,0.9288194444444444,0.8333333333333334,0.9288192298997815,0.8330434782608696,0.9823615933641976,0.9034529320987654
depth_6,23,3,10.440200014272705,0.6446999905165285,33.0,1,0.9305555555555556,0.8194444444444444,0.9304541009139973,0.8177215189873418,0.9757848668981483,0.8217592592592593
depth_6,23,4,6.860900000901893,0.46710000606253743,32.0,1,0.9340277777777778,0.7777777777777778,0.9339130434782609,0.7756572541382668,0.9800407503858024,0.849633487654321
depth_6,23,5,6.512499996460974,0.5215999844949692,27.0,1,0.9288194444444444,0.8263888888888888,0.928783168027213,0.8259776671339489,0.9752483603395061,0.8601466049382717
depth_6,42,1,7.380099996225908,2.9292000108398497,30.0,1,0.9184027777777778,0.8958333333333334,0.9184005642514175,0.895828309621413,0.9710346739969136,0.9352816358024691
depth_6,42,2,7.5252000242471695,0.614399992628023,30.0,1,0.9322916666666666,0.8194444444444444,0.9322571598307636,0.8194444444444444,0.964259018132716,0.8566743827160493
depth_6,42,3,6.83470000512898,0.6012000085320324,32.0,1,0.9461805555555556,0.8125,0.946108922993345,0.8113994664079553,0.9843328028549383,0.8399884259259259
depth_6,42,4,6.238900008611381,0.5022000113967806,27.0,1,0.921875,0.8472222222222222,0.921869112677882,0.8469565217391304,0.9674479166666667,0.8317901234567902
depth_6,42,5,6.008900003507733,0.3288000007160008,29.0,1,0.9340277777777778,0.8333333333333334,0.9340150491993053,0.8333333333333334,0.9757426697530864,0.8435570987654322
depth_6,67,1,5.735900020226836,0.3457999846432358,31.0,1,0.921875,0.8194444444444444,0.9218351844201118,0.8194096083349411,0.9797513985339507,0.8739390432098766
depth_6,67,2,6.709600012982264,0.5575000250246376,35.0,1,0.9461805555555556,0.8194444444444444,0.946160920233375,0.8191304347826087,0.9755437403549383,0.8430748456790123
depth_6,67,3,6.657999998424202,0.9735999919939786,29.0,1,0.9375,0.8125,0.9374811563091692,0.812273670996089,0.9835009162808642,0.8216628086419753
depth_6,67,4,6.325199996354058,0.4886999959126115,28.0,1,0.9340277777777778,0.875,0.9339991315675207,0.8749758826934207,0.9740065586419753,0.8913001543209875
depth_6,67,5,6.637300015427172,0.43200000072829425,35.0,1,0.9496527777777778,0.8263888888888888,0.9495979361223843,0.8259776671339489,0.9740005304783952,0.7985146604938271
depth_6,101,1,7.700499991187826,0.4760999872814864,32.0,1,0.9461805555555556,0.8472222222222222,0.9461440321398518,0.8464818763326225,0.9773341049382716,0.8623649691358024
depth_6,101,2,6.5818000002764165,0.42470000335015357,34.0,1,0.9409722222222222,0.8541666666666666,0.9409608334941153,0.8541033434650456,0.9765685281635802,0.8873456790123457
depth_6,101,3,5.797199992230162,0.3367000026628375,29.0,1,0.9322916666666666,0.8125,0.932286564320831,0.8124909573185435,0.9827835648148149,0.857445987654321
depth_6,101,4,6.843300012405962,0.4728000203613192,32.0,1,0.9270833333333334,0.8472222222222222,0.9269953164984791,0.8471042471042471,0.9723066165123457,0.8468364197530864
depth_6,101,5,6.353700009640306,0.39659999310970306,33.0,1,0.9409722222222222,0.8194444444444444,0.9409722222222222,0.8193050193050193,0.986792293595679,0.8461612654320987
depth_8,11,1,7.1659999957773834,0.5955999949947,42.0,1,0.9496527777777778,0.8472222222222222,0.9496404829738163,0.8471042471042471,0.9845076195987654,0.8648726851851852
depth_8,11,2,7.187000010162592,0.34440000308677554,53.0,1,0.9652777777777778,0.8125,0.9652740097666848,0.812273670996089,0.9955994405864198,0.8526234567901235
depth_8,11,3,6.798900023568422,0.35810002009384334,46.0,1,0.9774305555555556,0.8263888888888888,0.9774288547736103,0.8263805160356885,0.9946108217592592,0.8114390432098766
depth_8,11,4,7.266200002050027,0.3531999827828258,45.0,1,0.9635416666666666,0.8402777777777778,0.9634931413825887,0.8396514161220043,0.9867199556327161,0.8267746913580245
depth_8,11,5,6.682700011879206,0.41519998922012746,50.0,1,0.96875,0.8194444444444444,0.9687258687258687,0.8191304347826087,0.9897400655864197,0.8041087962962964
depth_8,23,1,6.61830001627095,0.36109998472966254,50.0,1,0.9704861111111112,0.8263888888888888,0.9704860221535679,0.8263135041250542,0.9957019193672839,0.8563850308641976
depth_8,23,2,6.769900006474927,0.5191000236663967,54.0,1,0.9791666666666666,0.8402777777777778,0.9791666666666666,0.8400849789966685,0.9971547067901235,0.8783757716049383
depth_8,23,3,6.83170001138933,0.39829997695051134,48.0,1,0.9600694444444444,0.8263888888888888,0.96001629770474,0.8249623182768513,0.9872263213734568,0.8179012345679013
depth_8,23,4,7.073499989928678,0.35329998354427516,48.0,1,0.96875,0.8263888888888888,0.9687405781545846,0.8261793249963787,0.9938331886574074,0.841724537037037
depth_8,23,5,7.540399994468316,0.7486000249627978,39.0,1,0.9548611111111112,0.7847222222222222,0.9548524020837352,0.7834586466165414,0.9883656442901235,0.8214699074074074
depth_8,42,1,8.292999991681427,0.47389999963343143,41.0,1,0.9461805555555556,0.8958333333333334,0.946160920233375,0.895828309621413,0.983862606095679,0.927662037037037
depth_8,42,2,8.11930000782013,0.5887000006623566,40.0,1,0.9461805555555556,0.8125,0.9460946061398292,0.812273670996089,0.9748022762345679,0.8425925925925926
depth_8,42,3,7.649900013348088,0.9762000117916614,51.0,1,0.9774305555555556,0.8055555555555556,0.977430487529199,0.8054054054054054,0.9972149884259259,0.839795524691358
depth_8,42,4,9.477200015680864,0.4963999963365495,37.0,1,0.9461805555555556,0.8333333333333334,0.9461219317170315,0.8325256832719519,0.9783166956018519,0.8216628086419753
depth_8,42,5,8.035200007725507,0.467399979243055,43.0,1,0.9618055555555556,0.8055555555555556,0.9617940399667144,0.8055555555555556,0.9888057002314816,0.8043016975308641
depth_8,67,1,8.076600002823398,0.4675000091083348,56.0,1,0.9756944444444444,0.8472222222222222,0.9756941514051818,0.8472222222222222,0.9968171296296295,0.8884066358024691
depth_8,67,2,8.638200000859797,0.5652999971061945,56.0,1,0.9739583333333334,0.7986111111111112,0.9739563708926273,0.7983680169957993,0.9953161168981481,0.8139467592592593
depth_8,67,3,8.281799993710592,0.45919997501187027,49.0,1,0.9704861111111112,0.7847222222222222,0.9704838870116443,0.7847118398842536,0.9969859182098766,0.8043981481481481
depth_8,67,4,7.941499992739409,0.46030001249164343,42.0,1,0.9600694444444444,0.8541666666666666,0.9600664353686952,0.8541596334699784,0.9919704861111112,0.851466049382716
depth_8,67,5,8.448999986285344,0.48580000293441117,48.0,1,0.9652777777777778,0.8263888888888888,0.9652572531515773,0.8259776671339489,0.9879316165123456,0.8000578703703705
depth_8,101,1,7.795700017595664,0.4558000073302537,50.0,1,0.9756944444444444,0.8333333333333334,0.9756800772061041,0.8328173374613003,0.9948579764660495,0.8326581790123457
depth_8,101,2,8.210400003008544,0.527299998793751,54.0,1,0.9704861111111112,0.8819444444444444,0.9704789038122371,0.8818931828050369,0.994140625,0.8825231481481481
depth_8,101,3,6.6750999831128865,0.9438999986741692,47.0,1,0.96875,0.8263888888888888,0.9687439706733552,0.8259776671339489,0.9965398341049383,0.8419174382716049
depth_8,101,4,7.96210000407882,0.47629998880438507,52.0,1,0.9704861111111112,0.8472222222222222,0.9704753433537863,0.8472222222222222,0.9936342592592593,0.8527199074074074
depth_8,101,5,10.140400001546368,0.5560000136028975,50.0,1,0.9739583333333334,0.8055555555555556,0.9739544866712688,0.8055555555555556,0.997118537808642,0.8117283950617284
depth_10,11,1,10.10759998462163,0.551999983144924,53.0,1,0.9704861111111112,0.8263888888888888,0.9704753433537863,0.8263135041250542,0.9945445119598766,0.8438464506172838
depth_10,11,2,7.234100019559264,0.48090002383105457,66.0,1,0.9861111111111112,0.7916666666666666,0.9861109436601039,0.7910216718266254,0.9993851273148149,0.8151041666666667
depth_10,11,3,7.165799994254485,0.41050001163966954,59.0,1,0.9930555555555556,0.8194444444444444,0.9930552206414276,0.8194444444444444,0.999487606095679,0.8192515432098766
depth_10,11,4,7.763000001432374,0.4091000009793788,56.0,1,0.9809027777777778,0.7916666666666666,0.9809013386545933,0.7916666666666666,0.9985894097222223,0.8400848765432098
depth_10,11,5,7.6914000092074275,0.4006999952252954,55.0,1,0.9756944444444444,0.8194444444444444,0.9756871163424548,0.8194096083349411,0.9954547646604939,0.8072916666666667
depth_10,23,1,7.047000020975247,0.35680001019500196,64.0,1,0.9913194444444444,0.7777777777777778,0.9913194182804612,0.7777777777777778,0.9996865354938271,0.8093171296296295
depth_10,23,2,6.635199999436736,0.3386000171303749,67.0,1,0.9965277777777778,0.7986111111111112,0.996527735915026,0.798523664785063,0.9999397183641976,0.8043016975308641
depth_10,23,3,6.975700001930818,0.3281999961473048,52.0,1,0.9635416666666666,0.8194444444444444,0.9634931413825887,0.8177215189873418,0.9911627121913581,0.8118248456790124
depth_10,23,4,7.2438000061083585,0.364200008334592,57.0,1,0.9826388888888888,0.8055555555555556,0.9826380516035689,0.8052173913043479,0.9985652970679012,0.8173225308641974
depth_10,23,5,7.126100012101233,0.3355999942868948,55.0,1,0.9809027777777778,0.7986111111111112,0.9808999568922638,0.7969562892011475,0.9968412422839505,0.7960069444444444
depth_10,42,1,7.444199989549816,0.37299998803064227,56.0,1,0.9704861111111112,0.875,0.9704789038122371,0.8747826086956522,0.9969376929012346,0.9157986111111112
depth_10,42,2,7.6902000000700355,0.440200004959479,48.0,1,0.9618055555555556,0.8125,0.9617594514992034,0.8124185844550587,0.984495563271605,0.8336226851851851
depth_10,42,3,7.988700002897531,0.4618000239133835,65.0,1,0.9982638888888888,0.7986111111111112,0.9982638836560922,0.7986013986013987,0.9999578028549383,0.7945601851851852
depth_10,42,4,7.457600004272535,0.34339999547228217,46.0,1,0.9583333333333334,0.8263888888888888,0.9583011583011583,0.8257080610021786,0.9895351080246914,0.8200231481481481
depth_10,42,5,6.842799979494885,0.38010001298971474,52.0,1,0.9774305555555556,0.8055555555555556,0.9774223213881895,0.8055555555555556,0.9955391589506173,0.8007330246913581
depth_10,67,1,6.5076999890152365,0.3453000099398196,74.0,1,0.9982638888888888,0.8125,0.9982638836560922,0.8124909573185435,0.9999879436728395,0.8180941358024693
depth_10,67,2,7.553500006906688,0.4261000140104443,66.0,1,0.9913194444444444,0.7777777777777778,0.9913194182804612,0.7777349025660814,0.9996925636574074,0.790798611111111
depth_10,67,3,7.289300003321841,0.39519998244941235,59.0,1,0.9878472222222222,0.7777777777777778,0.9878468925480834,0.7776061776061776,0.9992525077160495,0.7904128086419753
depth_10,67,4,7.131300022592768,0.4504999960772693,50.0,1,0.9774305555555556,0.8055555555555556,0.9774190532769211,0.804953560371517,0.9976851851851851,0.8451003086419753
depth_10,67,5,7.410699996398762,0.3603000077418983,53.0,1,0.9739583333333334,0.8333333333333334,0.9739406607128316,0.8330434782608696,0.995924961419753,0.8161651234567903
depth_10,101,1,7.167300005676225,0.38670000503771007,60.0,1,0.9913194444444444,0.7916666666666666,0.9913192089629168,0.7915057915057915,0.9990174093364198,0.7985146604938271
depth_10,101,2,7.664000004297122,0.4774999979417771,70.0,1,0.9947916666666666,0.8541666666666666,0.9947916509682767,0.8539906329969582,0.9997709297839507,0.8518518518518519
depth_10,101,3,6.475200003478676,0.3501000173855573,61.0,1,0.9965277777777778,0.8125,0.9965277777777778,0.812273670996089,0.9999276620370371,0.8114390432098765
depth_10,101,4,7.708100019954145,0.33660000190138817,62.0,1,0.9861111111111112,0.8333333333333334,0.9861104412828551,0.8333011769245611,0.9988365644290124,0.845679012345679
depth_10,101,5,6.951100018341094,0.3357000241521746,60.0,1,0.9913194444444444,0.8333333333333334,0.9913194182804612,0.8333011769245611,0.9997769579475309,0.8380594135802469
depth_12,11,1,7.742199988570064,0.3992999845650047,59.0,1,0.9826388888888888,0.8263888888888888,0.9826380516035689,0.8263135041250542,0.9983663676697531,0.8569637345679013
depth_12,11,2,8.127400011289865,0.4724999889731407,71.0,1,0.9982638888888888,0.7638888888888888,0.9982638836560922,0.763157894736842,0.999951774691358,0.7688078703703705
depth_12,11,3,7.881000026827678,0.5022000113967806,62.0,1,0.9982638888888888,0.8055555555555556,0.9982638836560922,0.8055555555555556,0.9999819155092593,0.8223379629629629
depth_12,11,4,8.85110002127476,0.6023000169079751,64.0,1,0.9982638888888888,0.7916666666666666,0.9982638836560922,0.7915057915057915,0.9999819155092593,0.7916666666666666
depth_12,11,5,8.11170000815764,0.6452000234276056,63.0,1,0.9913194444444444,0.8263888888888888,0.9913187902975424,0.8263135041250542,0.9993067611882716,0.8223379629629629
depth_12,23,1,7.59609998203814,0.9139000030700117,69.0,1,0.9982638888888888,0.8055555555555556,0.9982638836560922,0.8055180397453212,0.9999939718364198,0.8055555555555555
depth_12,23,2,6.723699974827468,0.6297999934758991,69.0,1,0.9982638888888888,0.7986111111111112,0.9982638836560922,0.798523664785063,0.9999939718364198,0.798611111111111
depth_12,23,3,7.364699995378032,0.7488999981433153,58.0,1,0.9756944444444444,0.8263888888888888,0.9756838905775076,0.8249623182768513,0.9966543692129629,0.818383487654321
depth_12,23,4,7.3856000090017915,0.38380001205950975,65.0,1,0.9965277777777778,0.8055555555555556,0.996527735915026,0.8052173913043479,0.9999397183641976,0.8055555555555556
depth_12,23,5,7.379499991657212,0.34270001924596727,65.0,1,0.9965277777777778,0.7430555555555556,0.9965277777777778,0.7402369460289602,0.9998432677469136,0.7550154320987654
depth_12,42,1,7.611800014274195,0.33829998574219644,64.0,1,0.9895833333333334,0.8819444444444444,0.9895828309621413,0.8819387509042682,0.9996865354938271,0.8841628086419753
depth_12,42,2,8.198999974410981,0.672199996188283,56.0,1,0.9722222222222222,0.8125,0.9722101606600086,0.8124909573185435,0.9940321180555556,0.8298611111111112
depth_12,42,3,6.932999996934086,0.37379999412223697,66.0,1,1.0,0.7916666666666666,1.0,0.7915057915057915,1.0,0.7916666666666665
depth_12,42,4,7.8544999996665865,0.42470000335015357,52.0,1,0.9722222222222222,0.8055555555555556,0.9722208825657102,0.8052173913043479,0.9962263695987654,0.8233989197530865
depth_12,42,5,7.404699979815632,0.43909999658353627,58.0,1,0.9861111111111112,0.7986111111111112,0.9861104412828551,0.7986013986013987,0.9979624807098765,0.7976466049382717
depth_12,67,1,7.672299980185926,0.9276999917346984,75.0,1,1.0,0.7986111111111112,1.0,0.7986013986013987,1.0,0.7986111111111112
depth_12,67,2,7.6071000075899065,0.6974000134505332,71.0,1,1.0,0.7777777777777778,1.0,0.7777349025660814,1.0,0.7777777777777777
depth_12,67,3,7.658999995328486,0.8895999926608056,64.0,1,0.9965277777777778,0.7847222222222222,0.996527735915026,0.7844623629955096,0.999927662037037,0.7847222222222222
depth_12,67,4,7.103000010829419,0.354600022546947,59.0,1,0.9913194444444444,0.8125,0.9913192089629168,0.8124909573185435,0.9996865354938271,0.8245563271604939
depth_12,67,5,7.593000016640872,0.33999999868683517,61.0,1,0.984375,0.8055555555555556,0.9843745761332501,0.8054054054054054,0.9990053530092593,0.8144290123456789
depth_12,101,1,7.105599972419441,1.1597000120673329,66.0,1,1.0,0.7916666666666666,1.0,0.7915057915057915,1.0,0.7916666666666666
depth_12,101,2,7.722300011664629,0.47640001866966486,73.0,1,1.0,0.8472222222222222,1.0,0.847192745514181,1.0,0.8472222222222223
depth_12,101,3,6.438200012780726,0.45330001739785075,64.0,1,1.0,0.8333333333333334,1.0,0.8332046332046332,1.0,0.8333333333333334
depth_12,101,4,8.033099991735071,0.47439997433684766,71.0,1,0.9982638888888888,0.8194444444444444,0.9982638836560922,0.8194444444444444,0.9999879436728395,0.8181905864197531
depth_12,101,5,7.2524999850429595,0.35539999953471124,64.0,1,1.0,0.8055555555555556,1.0,0.8055180397453212,1.0,0.8055555555555555
depth_None,11,1,7.724199997028336,0.33939999411813915,68.0,1,1.0,0.8194444444444444,1.0,0.8194096083349411,1.0,0.8194444444444445
depth_None,11,2,7.088899990776554,0.3370000049471855,73.0,1,1.0,0.7777777777777778,1.0,0.7770897832817337,1.0,0.7777777777777779
depth_None,11,3,6.98880001436919,0.33310000435449183,62.0,1,1.0,0.8055555555555556,1.0,0.8055180397453212,1.0,0.8055555555555555
depth_None,11,4,7.88509999983944,0.4057000041939318,65.0,1,1.0,0.7986111111111112,1.0,0.798523664785063,1.0,0.798611111111111
depth_None,11,5,6.967199995415285,0.33909999183379114,70.0,1,1.0,0.8194444444444444,1.0,0.8191304347826087,1.0,0.8194444444444444
depth_None,23,1,6.751500011887401,0.33179999445565045,70.0,1,1.0,0.7986111111111112,1.0,0.7986013986013987,1.0,0.7986111111111112
depth_None,23,2,7.645000005140901,0.5108000186737627,70.0,1,1.0,0.7986111111111112,1.0,0.798523664785063,1.0,0.798611111111111
depth_None,23,3,7.6975999982096255,0.38770001265220344,73.0,1,1.0,0.7986111111111112,1.0,0.7978213507625272,1.0,0.7986111111111113
depth_None,23,4,7.5493000040296465,0.378700002329424,66.0,1,1.0,0.7916666666666666,1.0,0.7916264711557013,1.0,0.7916666666666666
depth_None,23,5,7.340800017118454,0.4616000223904848,68.0,1,1.0,0.7638888888888888,1.0,0.7616358325219085,1.0,0.763888888888889
depth_None,42,1,7.663199998205528,0.3425999893806875,69.0,1,1.0,0.8680555555555556,1.0,0.8679982631350412,1.0,0.8680555555555555
depth_None,42,2,8.207000006223097,0.3328000020701438,70.0,1,1.0,0.7708333333333334,1.0,0.7705567089952199,1.0,0.7708333333333334
depth_None,42,3,6.969700014451519,0.673100003041327,66.0,1,1.0,0.7916666666666666,1.0,0.7915057915057915,1.0,0.7916666666666665
depth_None,42,4,7.904800004325807,0.4372000112198293,67.0,1,1.0,0.7777777777777778,1.0,0.7777777777777778,1.0,0.7777777777777777
depth_None,42,5,7.367200014414266,0.3893999964930117,70.0,1,1.0,0.7986111111111112,1.0,0.798523664785063,1.0,0.798611111111111
depth_None,67,1,6.710999994538724,0.44239999260753393,75.0,1,1.0,0.7986111111111112,1.0,0.7986013986013987,1.0,0.7986111111111112
depth_None,67,2,10.569899983238429,0.7818000158295035,71.0,1,1.0,0.7777777777777778,1.0,0.7777349025660814,1.0,0.7777777777777777
depth_None,67,3,8.445600018603727,0.5923999997321516,65.0,1,1.0,0.7847222222222222,1.0,0.7846287451150673,1.0,0.7847222222222222
depth_None,67,4,7.97839998267591,0.4579999949783087,64.0,1,1.0,0.8125,1.0,0.8124909573185435,1.0,0.8125
depth_None,67,5,9.947799990186468,0.4582999972626567,69.0,1,1.0,0.8055555555555556,1.0,0.8054054054054054,1.0,0.8055555555555555
depth_None,101,1,8.149500004947186,0.5645000201184303,66.0,1,1.0,0.7916666666666666,1.0,0.7915057915057915,1.0,0.7916666666666666
depth_None,101,2,7.583900005556643,0.8459999808110297,73.0,1,1.0,0.8472222222222222,1.0,0.847192745514181,1.0,0.8472222222222223
depth_None,101,3,6.468400009907782,0.3837000112980604,64.0,1,1.0,0.8333333333333334,1.0,0.8332046332046332,1.0,0.8333333333333334
depth_None,101,4,7.977600005688146,0.6129000103101134,72.0,1,1.0,0.8263888888888888,1.0,0.8263805160356885,1.0,0.826388888888889
depth_None,101,5,7.0321999955922365,0.34580001374706626,64.0,1,1.0,0.8055555555555556,1.0,0.8055180397453212,1.0,0.8055555555555555
alpha_0,11,1,7.808800000930205,0.809300021501258,68.0,1,1.0,0.8194444444444444,1.0,0.8194096083349411,1.0,0.8194444444444445
alpha_0,11,2,7.249000016599894,0.8356000180356205,73.0,1,1.0,0.7777777777777778,1.0,0.7770897832817337,1.0,0.7777777777777779
alpha_0,11,3,8.045800001127645,0.6405000167433172,62.0,1,1.0,0.8055555555555556,1.0,0.8055180397453212,1.0,0.8055555555555555
alpha_0,11,4,8.801799995126203,1.017499977024272,65.0,1,1.0,0.7986111111111112,1.0,0.798523664785063,1.0,0.798611111111111
alpha_0,11,5,8.280200010631233,0.8498000097461045,70.0,1,1.0,0.8194444444444444,1.0,0.8191304347826087,1.0,0.8194444444444444
alpha_0,23,1,6.907499977387488,0.9990000107791275,70.0,1,1.0,0.7986111111111112,1.0,0.7986013986013987,1.0,0.7986111111111112
alpha_0,23,2,6.697099976008758,0.4625000001396984,70.0,1,1.0,0.7986111111111112,1.0,0.798523664785063,1.0,0.798611111111111
alpha_0,23,3,7.495700003346428,0.37980001070536673,73.0,1,1.0,0.7986111111111112,1.0,0.7978213507625272,1.0,0.7986111111111113
alpha_0,23,4,7.500299980165437,0.3947000077459961,66.0,1,1.0,0.7916666666666666,1.0,0.7916264711557013,1.0,0.7916666666666666
alpha_0,23,5,7.543799991253763,0.4639000107999891,68.0,1,1.0,0.7638888888888888,1.0,0.7616358325219085,1.0,0.763888888888889
alpha_0,42,1,7.626100006746128,0.37999998312443495,69.0,1,1.0,0.8680555555555556,1.0,0.8679982631350412,1.0,0.8680555555555555
alpha_0,42,2,10.246399993775412,0.6436999829020351,70.0,1,1.0,0.7708333333333334,1.0,0.7705567089952199,1.0,0.7708333333333334
alpha_0,42,3,7.9338999930769205,0.5929000035393983,66.0,1,1.0,0.7916666666666666,1.0,0.7915057915057915,1.0,0.7916666666666665
alpha_0,42,4,9.413599997060373,0.6348999741021544,67.0,1,1.0,0.7777777777777778,1.0,0.7777777777777778,1.0,0.7777777777777777
alpha_0,42,5,9.20090000727214,0.600200000917539,70.0,1,1.0,0.7986111111111112,1.0,0.798523664785063,1.0,0.798611111111111
alpha_0,67,1,6.874300015624613,0.4155999922659248,75.0,1,1.0,0.7986111111111112,1.0,0.7986013986013987,1.0,0.7986111111111112
alpha_0,67,2,7.422099995892495,0.36440000985749066,71.0,1,1.0,0.7777777777777778,1.0,0.7777349025660814,1.0,0.7777777777777777
alpha_0,67,3,8.093800017377362,0.5004999984521419,65.0,1,1.0,0.7847222222222222,1.0,0.7846287451150673,1.0,0.7847222222222222
alpha_0,67,4,7.8486000129487365,0.6981999904382974,64.0,1,1.0,0.8125,1.0,0.8124909573185435,1.0,0.8125
alpha_0,67,5,8.470000000670552,0.6494999979622662,69.0,1,1.0,0.8055555555555556,1.0,0.8054054054054054,1.0,0.8055555555555555
alpha_0,101,1,9.473699989030138,0.8032000041566789,66.0,1,1.0,0.7916666666666666,1.0,0.7915057915057915,1.0,0.7916666666666666
alpha_0,101,2,8.408900001086295,0.4597999795805663,73.0,1,1.0,0.8472222222222222,1.0,0.847192745514181,1.0,0.8472222222222223
alpha_0,101,3,6.920199986780062,0.46740000834688544,64.0,1,1.0,0.8333333333333334,1.0,0.8332046332046332,1.0,0.8333333333333334
alpha_0,101,4,9.458100015763193,0.46430001384578645,72.0,1,1.0,0.8263888888888888,1.0,0.8263805160356885,1.0,0.826388888888889
alpha_0,101,5,8.401800005231053,0.4726999904960394,64.0,1,1.0,0.8055555555555556,1.0,0.8055180397453212,1.0,0.8055555555555555
alpha_1e-05,11,1,10.193699999945238,0.5987999902572483,68.0,1,1.0,0.8194444444444444,1.0,0.8194096083349411,1.0,0.8194444444444445
alpha_1e-05,11,2,7.99770001322031,0.36810000892728567,73.0,1,1.0,0.7777777777777778,1.0,0.7770897832817337,1.0,0.7777777777777779
alpha_1e-05,11,3,7.1887999947648495,0.37719999090768397,62.0,1,1.0,0.8055555555555556,1.0,0.8055180397453212,1.0,0.8055555555555555
alpha_1e-05,11,4,8.0821999872569,0.7235000084619969,65.0,1,1.0,0.7986111111111112,1.0,0.798523664785063,1.0,0.798611111111111
alpha_1e-05,11,5,7.200199994258583,0.33939999411813915,70.0,1,1.0,0.8194444444444444,1.0,0.8191304347826087,1.0,0.8194444444444444
alpha_1e-05,23,1,6.945000000996515,0.4693999944720417,70.0,1,1.0,0.7986111111111112,1.0,0.7986013986013987,1.0,0.7986111111111112
alpha_1e-05,23,2,6.76210000528954,0.35769998794421554,70.0,1,1.0,0.7986111111111112,1.0,0.798523664785063,1.0,0.798611111111111
alpha_1e-05,23,3,7.596699986606836,0.592800002777949,73.0,1,1.0,0.7986111111111112,1.0,0.7978213507625272,1.0,0.7986111111111113
alpha_1e-05,23,4,7.487599999876693,0.3595000016503036,66.0,1,1.0,0.7916666666666666,1.0,0.7916264711557013,1.0,0.7916666666666666
alpha_1e-05,23,5,7.410199992591515,0.3457999846432358,68.0,1,1.0,0.7638888888888888,1.0,0.7616358325219085,1.0,0.763888888888889
alpha_1e-05,42,1,7.773499994073063,0.3496999852359295,69.0,1,1.0,0.8680555555555556,1.0,0.8679982631350412,1.0,0.8680555555555555
alpha_1e-05,42,2,9.532099997159094,0.4633000062312931,70.0,1,1.0,0.7708333333333334,1.0,0.7705567089952199,1.0,0.7708333333333334
alpha_1e-05,42,3,8.117899997159839,0.5166000046301633,66.0,1,1.0,0.7916666666666666,1.0,0.7915057915057915,1.0,0.7916666666666665
alpha_1e-05,42,4,10.11939998716116,0.4451999848242849,67.0,1,1.0,0.7777777777777778,1.0,0.7777777777777778,1.0,0.7777777777777777
alpha_1e-05,42,5,8.507099992129952,0.4611000185832381,70.0,1,1.0,0.7986111111111112,1.0,0.798523664785063,1.0,0.798611111111111
alpha_1e-05,67,1,8.24960001045838,0.9797999809961766,75.0,1,1.0,0.7986111111111112,1.0,0.7986013986013987,1.0,0.7986111111111112
alpha_1e-05,67,2,9.113699983572587,0.4158999945502728,71.0,1,1.0,0.7777777777777778,1.0,0.7777349025660814,1.0,0.7777777777777777
alpha_1e-05,67,3,8.52669999585487,0.4808999947272241,65.0,1,1.0,0.7847222222222222,1.0,0.7846287451150673,1.0,0.7847222222222222
alpha_1e-05,67,4,8.761599980061874,0.46109998947940767,64.0,1,1.0,0.8125,1.0,0.8124909573185435,1.0,0.8125
alpha_1e-05,67,5,9.387099999003112,0.41989999590441585,69.0,1,1.0,0.8055555555555556,1.0,0.8054054054054054,1.0,0.8055555555555555
alpha_1e-05,101,1,8.685699984198436,0.41539999074302614,66.0,1,1.0,0.7916666666666666,1.0,0.7915057915057915,1.0,0.7916666666666666
alpha_1e-05,101,2,9.433899977011606,0.4202999989502132,73.0,1,1.0,0.8472222222222222,1.0,0.847192745514181,1.0,0.8472222222222223
alpha_1e-05,101,3,7.946500001708046,0.40800002170726657,64.0,1,1.0,0.8333333333333334,1.0,0.8332046332046332,1.0,0.8333333333333334
alpha_1e-05,101,4,9.606399980839342,0.4209000035189092,72.0,1,1.0,0.8263888888888888,1.0,0.8263805160356885,1.0,0.826388888888889
alpha_1e-05,101,5,8.158300013747066,0.4126999992877245,64.0,1,1.0,0.8055555555555556,1.0,0.8055180397453212,1.0,0.8055555555555555
alpha_0.0001,11,1,8.989900001324713,0.40950000402517617,68.0,1,1.0,0.8194444444444444,1.0,0.8194096083349411,1.0,0.8194444444444445
alpha_0.0001,11,2,8.420700003625825,0.44180001714266837,73.0,1,1.0,0.7777777777777778,1.0,0.7770897832817337,1.0,0.7777777777777779
alpha_0.0001,11,3,8.858800021698698,0.41140001849271357,62.0,1,1.0,0.8055555555555556,1.0,0.8055180397453212,1.0,0.8055555555555555
alpha_0.0001,11,4,9.23039999906905,0.43130002450197935,65.0,1,1.0,0.7986111111111112,1.0,0.798523664785063,1.0,0.798611111111111
alpha_0.0001,11,5,8.859299996402115,0.44650002382695675,70.0,1,1.0,0.8194444444444444,1.0,0.8191304347826087,1.0,0.8194444444444444
alpha_0.0001,23,1,8.715600008144975,0.5400999798439443,70.0,1,1.0,0.7986111111111112,1.0,0.7986013986013987,1.0,0.7986111111111112
alpha_0.0001,23,2,9.177499974612147,0.5502999993041158,70.0,1,1.0,0.7986111111111112,1.0,0.798523664785063,1.0,0.798611111111111
alpha_0.0001,23,3,9.301899990532547,0.42550000944174826,73.0,1,1.0,0.7986111111111112,1.0,0.7978213507625272,1.0,0.7986111111111113
alpha_0.0001,23,4,8.70150001719594,0.5145000177435577,66.0,1,1.0,0.7916666666666666,1.0,0.7916264711557013,1.0,0.7916666666666666
alpha_0.0001,23,5,8.765000005951151,0.4335999838076532,68.0,1,1.0,0.7638888888888888,1.0,0.7616358325219085,1.0,0.763888888888889
alpha_0.0001,42,1,8.66449999739416,0.4215999797452241,69.0,1,1.0,0.8680555555555556,1.0,0.8679982631350412,1.0,0.8680555555555555
alpha_0.0001,42,2,9.681800001999363,0.43760001426562667,70.0,1,1.0,0.7708333333333334,1.0,0.7705567089952199,1.0,0.7708333333333334
alpha_0.0001,42,3,8.095099998172373,0.4335000121500343,66.0,1,1.0,0.7916666666666666,1.0,0.7915057915057915,1.0,0.7916666666666665
alpha_0.0001,42,4,9.604299993952736,0.42359999497421086,67.0,1,1.0,0.7777777777777778,1.0,0.7777777777777778,1.0,0.7777777777777777
alpha_0.0001,42,5,8.887300005881116,0.44440000783652067,70.0,1,1.0,0.7986111111111112,1.0,0.798523664785063,1.0,0.798611111111111
alpha_0.0001,67,1,7.600100012496114,0.4282999725546688,75.0,1,1.0,0.7986111111111112,1.0,0.7986013986013987,1.0,0.7986111111111112
alpha_0.0001,67,2,8.34150001173839,0.42329999268986285,71.0,1,1.0,0.7777777777777778,1.0,0.7777349025660814,1.0,0.7777777777777777
alpha_0.0001,67,3,8.871700003510341,0.4325999761931598,65.0,1,1.0,0.7847222222222222,1.0,0.7846287451150673,1.0,0.7847222222222222
alpha_0.0001,67,4,8.363100001588464,0.5765999958384782,64.0,1,1.0,0.8125,1.0,0.8124909573185435,1.0,0.8125
alpha_0.0001,67,5,8.806099998764694,0.5641000170726329,69.0,1,1.0,0.8055555555555556,1.0,0.8054054054054054,1.0,0.8055555555555555
alpha_0.0001,101,1,8.887900010449812,0.49149998812936246,66.0,1,1.0,0.7916666666666666,1.0,0.7915057915057915,1.0,0.7916666666666666
alpha_0.0001,101,2,9.159599983831868,0.4484000091906637,73.0,1,1.0,0.8472222222222222,1.0,0.847192745514181,1.0,0.8472222222222223
alpha_0.0001,101,3,8.230100007494912,0.5182000168133527,64.0,1,1.0,0.8333333333333334,1.0,0.8332046332046332,1.0,0.8333333333333334
alpha_0.0001,101,4,9.404200012795627,0.4250000056345016,72.0,1,1.0,0.8263888888888888,1.0,0.8263805160356885,1.0,0.826388888888889
alpha_0.0001,101,5,8.837400004267693,0.40940000326372683,64.0,1,1.0,0.8055555555555556,1.0,0.8055180397453212,1.0,0.8055555555555555
alpha_0.001,11,1,9.603899990906939,0.4391999973449856,68.0,1,1.0,0.8194444444444444,1.0,0.8194096083349411,1.0,0.8194444444444445
alpha_0.001,11,2,8.211500011384487,0.43200000072829425,73.0,1,1.0,0.7777777777777778,1.0,0.7770897832817337,1.0,0.7777777777777779
alpha_0.001,11,3,7.254800002556294,0.34860000596381724,62.0,1,1.0,0.8055555555555556,1.0,0.8055180397453212,1.0,0.8055555555555555
alpha_0.001,11,4,8.125599997583777,0.4123999970033765,65.0,1,1.0,0.7986111111111112,1.0,0.798523664785063,1.0,0.798611111111111
alpha_0.001,11,5,7.444800023222342,0.3845000173896551,70.0,1,1.0,0.8194444444444444,1.0,0.8191304347826087,1.0,0.8194444444444444
alpha_0.001,23,1,8.648899995023385,0.5615999980363995,70.0,1,1.0,0.7986111111111112,1.0,0.7986013986013987,1.0,0.7986111111111112
alpha_0.001,23,2,6.920900021214038,0.3459000145085156,70.0,1,1.0,0.7986111111111112,1.0,0.798523664785063,1.0,0.798611111111111
alpha_0.001,23,3,7.601300021633506,0.33370000892318785,73.0,1,1.0,0.7986111111111112,1.0,0.7978213507625272,1.0,0.7986111111111113
alpha_0.001,23,4,7.544899999629706,0.385499995900318,66.0,1,1.0,0.7916666666666666,1.0,0.7916264711557013,1.0,0.7916666666666666
alpha_0.001,23,5,8.006500022020191,0.44200001866556704,68.0,1,1.0,0.7638888888888888,1.0,0.7616358325219085,1.0,0.763888888888889
alpha_0.001,42,1,9.149599994998425,0.46439998550340533,69.0,1,1.0,0.8680555555555556,1.0,0.8679982631350412,1.0,0.8680555555555555
alpha_0.001,42,2,9.219100000336766,0.42669998947530985,70.0,1,1.0,0.7708333333333334,1.0,0.7705567089952199,1.0,0.7708333333333334
alpha_0.001,42,3,7.9132000100798905,0.41290000081062317,66.0,1,1.0,0.7916666666666666,1.0,0.7915057915057915,1.0,0.7916666666666665
alpha_0.001,42,4,9.270200011087582,0.6224000244401395,67.0,1,1.0,0.7777777777777778,1.0,0.7777777777777778,1.0,0.7777777777777777
alpha_0.001,42,5,8.053300000028685,0.4302999877836555,70.0,1,1.0,0.7986111111111112,1.0,0.798523664785063,1.0,0.798611111111111
alpha_0.001,67,1,7.644600002095103,0.4253000079188496,75.0,1,1.0,0.7986111111111112,1.0,0.7986013986013987,1.0,0.7986111111111112
alpha_0.001,67,2,8.307700016302988,0.4157999937888235,71.0,1,1.0,0.7777777777777778,1.0,0.7777349025660814,1.0,0.7777777777777777
alpha_0.001,67,3,8.405500004300848,0.4268999909982085,65.0,1,1.0,0.7847222222222222,1.0,0.7846287451150673,1.0,0.7847222222222222
alpha_0.001,67,4,7.931300002383068,0.42710002162493765,64.0,1,1.0,0.8125,1.0,0.8124909573185435,1.0,0.8125
alpha_0.001,67,5,8.368999988306314,0.43310000910423696,69.0,1,1.0,0.8055555555555556,1.0,0.8054054054054054,1.0,0.8055555555555555
alpha_0.001,101,1,8.008800010429695,0.4338999860920012,66.0,1,1.0,0.7916666666666666,1.0,0.7915057915057915,1.0,0.7916666666666666
alpha_0.001,101,2,8.327699993969873,0.42860000394284725,73.0,1,1.0,0.8472222222222222,1.0,0.847192745514181,1.0,0.8472222222222223
alpha_0.001,101,3,6.955399992875755,0.5698000022675842,64.0,1,1.0,0.8333333333333334,1.0,0.8332046332046332,1.0,0.8333333333333334
alpha_0.001,101,4,8.493799978168681,0.4090000002179295,72.0,1,1.0,0.8263888888888888,1.0,0.8263805160356885,1.0,0.826388888888889
alpha_0.001,101,5,7.900900003733113,0.41069998405873775,64.0,1,1.0,0.8055555555555556,1.0,0.8055180397453212,1.0,0.8055555555555555
alpha_0.003,11,1,8.33260000217706,0.381199992261827,28.0,1,0.9513888888888888,0.8055555555555556,0.9513865444899927,0.8055555555555556,0.9779429494598766,0.7864583333333334
alpha_0.003,11,2,7.346800004597753,0.3744999994523823,30.0,1,0.9496527777777778,0.7777777777777778,0.9496514119849171,0.777391304347826,0.9785698784722222,0.8559027777777778
alpha_0.003,11,3,7.261799997650087,0.358000019332394,31.0,1,0.9635416666666666,0.8125,0.9635362813397764,0.812273670996089,0.9850923514660495,0.7800925925925927
alpha_0.003,11,4,8.041699999012053,0.4020000051241368,34.0,1,0.9652777777777778,0.8194444444444444,0.9652710785259502,0.8193050193050193,0.9869912229938271,0.8212770061728395
alpha_0.003,11,5,7.19770000432618,0.3635999746620655,33.0,1,0.9513888888888888,0.8194444444444444,0.9513795099363302,0.8194096083349411,0.9865813078703703,0.829861111111111
alpha_0.003,23,1,7.0186000084504485,0.3671000013127923,26.0,1,0.9461805555555556,0.8333333333333334,0.9461726057872889,0.8332046332046332,0.9793836805555556,0.8389274691358024
alpha_0.003,23,2,7.3019000119529665,0.3386000171303749,32.0,1,0.9565972222222222,0.8194444444444444,0.9565960448145837,0.8193050193050193,0.9869851948302469,0.8444251543209876
alpha_0.003,23,3,7.746999996015802,0.35519999801181257,30.0,1,0.9461805555555556,0.8263888888888888,0.9461790955700837,0.8257080610021786,0.9783408082561729,0.8427854938271604
alpha_0.003,23,4,7.475399994291365,0.3528999804984778,33.0,1,0.9618055555555556,0.8194444444444444,0.9617940399667144,0.8193050193050193,0.9839650848765432,0.826292438271605
alpha_0.003,23,5,7.441699999617413,0.3394000232219696,26.0,1,0.9375,0.8402777777777778,0.9373913043478261,0.8400849789966685,0.9703655478395061,0.7663001543209876
alpha_0.003,42,1,7.922999997390434,0.39820000529289246,42.0,1,0.953125,0.8472222222222222,0.9530501408314641,0.846749226006192,0.9920789930555555,0.8674768518518519
alpha_0.003,42,2,10.139199992408976,0.5265000218059868,32.0,1,0.9548611111111112,0.8055555555555556,0.9548562126966902,0.8055555555555556,0.9804084683641976,0.8393132716049384
alpha_0.003,42,3,10.158299992326647,0.6088000081945211,26.0,1,0.9513888888888888,0.8055555555555556,0.9513836136733587,0.8055180397453212,0.9805350597993827,0.8201195987654322
alpha_0.003,42,4,9.25699999788776,0.43089999235235155,35.0,1,0.9618055555555556,0.8472222222222222,0.9617940399667144,0.8469565217391304,0.9873046875,0.8181905864197531
alpha_0.003,42,5,9.379900002386421,0.4123999970033765,25.0,1,0.9461805555555556,0.8333333333333334,0.9460946061398292,0.8333011769245611,0.9582549672067902,0.8117283950617283
alpha_0.003,67,1,7.107400015229359,0.41140001849271357,27.0,1,0.9409722222222222,0.8263888888888888,0.940969375452134,0.8263135041250542,0.9785095968364198,0.861400462962963
alpha_0.003,67,2,8.83779997820966,0.4391999973449856,29.0,1,0.9496527777777778,0.8472222222222222,0.9496404829738163,0.847192745514181,0.9718243634259259,0.8108603395061728
alpha_0.003,67,3,8.248600002843887,0.467999983811751,28.0,1,0.9548611111111112,0.7986111111111112,0.9548562126966902,0.798523664785063,0.9813910590277779,0.7501929012345679
alpha_0.003,67,4,7.636000023921952,0.46189999557100236,40.0,1,0.9722222222222222,0.8333333333333334,0.9722208825657102,0.8330434782608696,0.992724006558642,0.8148148148148147
alpha_0.003,67,5,7.760799984680489,0.4780000017490238,34.0,1,0.9565972222222222,0.8125,0.9565970914023059,0.8124185844550587,0.9846161265432098,0.7879050925925926
alpha_0.003,101,1,7.166800001868978,0.3459999861661345,31.0,1,0.9565972222222222,0.8402777777777778,0.9565970914023059,0.84020842379505,0.9861593364197531,0.843557098765432
alpha_0.003,101,2,7.627000013599172,0.33099998836405575,30.0,1,0.9479166666666666,0.8472222222222222,0.9479009635909743,0.8469565217391304,0.9805531442901234,0.8582175925925927
alpha_0.003,101,3,6.558699999004602,0.36419997923076153,36.0,1,0.9652777777777778,0.8055555555555556,0.9652777777777778,0.8055180397453212,0.989649643132716,0.8528163580246912
alpha_0.003,101,4,8.994300005724654,0.45640001189894974,29.0,1,0.9548611111111112,0.8333333333333334,0.9548611111111112,0.8332046332046332,0.9767975983796295,0.8362268518518519
alpha_0.003,101,5,7.188899995526299,0.4363000043667853,35.0,1,0.9670138888888888,0.8333333333333334,0.9670114031306613,0.8333011769245611,0.9851948302469136,0.8019868827160493
alpha_0.01,11,1,7.83019998925738,0.3197999903932214,4.0,1,0.8836805555555556,0.8611111111111112,0.8836633737983342,0.8611111111111112,0.9235508294753088,0.8652584876543211
alpha_0.01,11,2,7.210699986899272,0.33809998421929777,4.0,1,0.8854166666666666,0.8611111111111112,0.8854152851958574,0.8610038610038611,0.9194999035493827,0.8993055555555556
alpha_0.01,11,3,7.378100010100752,0.4107999848201871,4.0,1,0.8819444444444444,0.875,0.8819316332067282,0.875,0.9193371431327161,0.9058641975308642
alpha_0.01,11,4,8.74150000163354,0.5359000060707331,5.0,1,0.8871527777777778,0.8611111111111112,0.8870952663846059,0.8608695652173913,0.9208562403549382,0.9118441358024691
alpha_0.01,11,5,9.229100018274039,0.6304999988060445,4.0,1,0.8680555555555556,0.8680555555555556,0.8679982631350412,0.8679982631350412,0.9166425540123456,0.9112654320987653
alpha_0.01,23,1,8.385699999053031,0.41619999683462083,4.0,1,0.8888888888888888,0.8472222222222222,0.8888768312533912,0.8472222222222222,0.922899787808642,0.8914930555555556
alpha_0.01,23,2,7.527399982791394,0.7230000046547502,4.0,1,0.8732638888888888,0.9027777777777778,0.8732543383441196,0.9027590198726606,0.9129714023919754,0.9332561728395061
alpha_0.01,23,3,9.899299999233335,0.5602999881375581,3.0,1,0.8715277777777778,0.8541666666666666,0.8715215818664095,0.8533106960950764,0.9064067322530864,0.8655478395061729
alpha_0.01,23,4,7.598399999551475,0.6094000127632171,5.0,1,0.8802083333333334,0.8472222222222222,0.8800488931142199,0.8471042471042471,0.9287049093364197,0.8910108024691358
alpha_0.01,23,5,8.584900002460927,0.8688000089023262,4.0,1,0.8888888888888888,0.8472222222222222,0.8888875492808315,0.846749226006192,0.9182581018518519,0.915991512345679
alpha_0.01,42,1,9.228300012182444,0.4183000128250569,4.0,1,0.8732638888888888,0.9027777777777778,0.8732543383441196,0.9027590198726606,0.9103069540895062,0.9444444444444443
alpha_0.01,42,2,10.050600016256794,0.538699998287484,4.0,1,0.8871527777777778,0.8541666666666666,0.8871442738680517,0.8541596334699784,0.9230324074074076,0.8900462962962963
alpha_0.01,42,3,8.44360000337474,0.4254000086802989,4.0,1,0.8836805555555556,0.8611111111111112,0.8836802049581796,0.8610038610038611,0.9196686921296295,0.8844521604938272
alpha_0.01,42,4,9.354599984362721,0.40329998591914773,3.0,1,0.8715277777777778,0.875,0.8715215818664095,0.8746130030959752,0.9099874614197531,0.8914930555555556
alpha_0.01,42,5,8.61839999561198,0.4209000035189092,4.0,1,0.8836805555555556,0.8611111111111112,0.8836774001030844,0.8610843141038009,0.919409481095679,0.9041280864197532
alpha_0.01,67,1,8.021999994525686,0.42779999785125256,3.0,1,0.8767361111111112,0.8472222222222222,0.8767327672734178,0.8472222222222222,0.9127785011574073,0.8815586419753086
alpha_0.01,67,2,9.682900010375306,0.47300002188421786,4.0,1,0.8802083333333334,0.8680555555555556,0.8801993061060855,0.8680491921871232,0.9173900462962963,0.9088541666666667
alpha_0.01,67,3,8.907900017220527,0.40439999429509044,3.0,1,0.8802083333333334,0.8402777777777778,0.880207972270364,0.84020842379505,0.9128689236111112,0.8780864197530864
alpha_0.01,67,4,8.591599995270371,0.42150000808760524,4.0,1,0.875,0.9027777777777778,0.875,0.9026086956521739,0.909227912808642,0.9463734567901234
alpha_0.01,67,5,9.005499974591658,0.4057000041939318,5.0,1,0.8958333333333334,0.8333333333333334,0.8958019271819486,0.8330434782608696,0.9264142071759259,0.8932291666666667
alpha_0.01,101,1,7.533500000135973,0.36380000528879464,4.0,1,0.875,0.9027777777777778,0.8749758826934207,0.9027590198726606,0.9159432870370371,0.9244791666666666
alpha_0.01,101,2,7.898899988504127,0.44430000707507133,3.0,1,0.875,0.8402777777777778,0.8749261113456783,0.8402700747528333,0.9018012152777778,0.8780864197530865
alpha_0.01,101,3,6.546699994942173,0.33239999902434647,4.0,1,0.8802083333333334,0.8680555555555556,0.8801790801790801,0.8678962869972477,0.9198254243827161,0.8902391975308643
alpha_0.01,101,4,7.866100000683218,0.3431999939493835,4.0,1,0.8819444444444444,0.8680555555555556,0.8819430211108834,0.8678962869972477,0.9166124131944444,0.9195601851851851
alpha_0.01,101,5,8.273100014775991,0.41280000004917383,4.0,1,0.8871527777777778,0.8472222222222222,0.8871497165179176,0.8471042471042471,0.9211516203703703,0.8935185185185185
alpha_0.03,11,1,9.18589998036623,0.4017000028397888,2.0,1,0.8732638888888888,0.8680555555555556,0.8732635068947329,0.8678962869972477,0.8732638888888888,0.8680555555555557
alpha_0.03,11,2,8.86739999987185,0.41110001620836556,2.0,1,0.8784722222222222,0.8472222222222222,0.8784590341833967,0.847192745514181,0.8784722222222221,0.8472222222222223
alpha_0.03,11,3,9.085800003958866,0.4257999826222658,2.0,1,0.875,0.8611111111111112,0.8749984929409353,0.8610843141038009,0.875,0.8611111111111112
alpha_0.03,11,4,9.291599999414757,0.4044999950565398,2.0,1,0.8680555555555556,0.8541666666666666,0.8677430270218012,0.8533106960950764,0.8680555555555555,0.8541666666666666
alpha_0.03,11,5,8.717499993508682,0.41480001527816057,2.0,1,0.8680555555555556,0.8680555555555556,0.8679982631350412,0.8679982631350412,0.8680555555555556,0.8680555555555556
alpha_0.03,23,1,7.87030000356026,0.41649999911896884,2.0,1,0.8802083333333334,0.8402777777777778,0.8802050836882511,0.8402700747528333,0.8802083333333334,0.8402777777777779
alpha_0.03,23,2,8.37999998475425,0.41599999531172216,2.0,1,0.8628472222222222,0.9027777777777778,0.8628368867011704,0.9027590198726606,0.8628472222222222,0.9027777777777777
alpha_0.03,23,3,8.128399989800528,0.38899999344721437,2.0,1,0.8715277777777778,0.8541666666666666,0.8715215818664095,0.8533106960950764,0.8715277777777778,0.8541666666666666
alpha_0.03,23,4,9.683499985840172,0.46019998262636364,2.0,1,0.8697916666666666,0.8819444444444444,0.8697912742069174,0.8818931828050369,0.8697916666666666,0.8819444444444445
alpha_0.03,23,5,7.434400002239272,0.32479999936185777,2.0,1,0.8819444444444444,0.8333333333333334,0.8819088508062085,0.8330434782608696,0.8819444444444446,0.8333333333333334
alpha_0.03,42,1,7.998299988685176,0.41310000233352184,2.0,1,0.8628472222222222,0.9027777777777778,0.8628368867011704,0.9027590198726606,0.8628472222222222,0.9027777777777777
alpha_0.03,42,2,8.466100000077859,0.34080000477842987,2.0,1,0.8784722222222222,0.8472222222222222,0.8784663612249819,0.8472222222222222,0.8784722222222222,0.8472222222222222
alpha_0.03,42,3,8.472900022752583,0.43149999692104757,2.0,1,0.875,0.8611111111111112,0.8749939715456957,0.8611111111111112,0.875,0.8611111111111112
alpha_0.03,42,4,8.586599986301735,0.40180000360123813,2.0,1,0.8715277777777778,0.875,0.8715215818664095,0.8746130030959752,0.8715277777777778,0.875
alpha_0.03,42,5,7.892599998740479,0.39760000072419643,2.0,1,0.8732638888888888,0.8611111111111112,0.8732451684668417,0.8610843141038009,0.8732638888888888,0.8611111111111112
alpha_0.03,67,1,7.280400022864342,0.441100011812523,2.0,1,0.8767361111111112,0.8472222222222222,0.8767327672734178,0.8472222222222222,0.876736111111111,0.8472222222222222
alpha_0.03,67,2,8.02000000840053,0.4731999943032861,2.0,1,0.8680555555555556,0.8819444444444444,0.8680491921871232,0.8819387509042682,0.8680555555555556,0.8819444444444444
alpha_0.03,67,3,8.984899992356077,0.5426999996416271,2.0,1,0.8802083333333334,0.8402777777777778,0.880207972270364,0.84020842379505,0.8802083333333334,0.8402777777777778
alpha_0.03,67,4,9.02429997222498,0.4104000108782202,2.0,1,0.8645833333333334,0.9027777777777778,0.8645425053365332,0.9026086956521739,0.8645833333333333,0.9027777777777778
alpha_0.03,67,5,9.3238000117708,0.4769999941345304,2.0,1,0.8767361111111112,0.8263888888888888,0.8765392592234797,0.8253698763036623,0.876736111111111,0.826388888888889
alpha_0.03,101,1,8.127899985993281,0.4160999960731715,2.0,1,0.8663194444444444,0.8958333333333334,0.8663190415191018,0.8957075949978273,0.8663194444444445,0.8958333333333334
alpha_0.03,101,2,8.66729998961091,0.42949998169206083,2.0,1,0.875,0.8402777777777778,0.8749261113456783,0.8402700747528333,0.875,0.8402777777777779
alpha_0.03,101,3,7.157100015319884,0.40040002204477787,2.0,1,0.8715277777777778,0.8680555555555556,0.8715277777777778,0.8678962869972477,0.8715277777777777,0.8680555555555557
alpha_0.03,101,4,9.185500006424263,0.42070000199601054,2.0,1,0.8732638888888888,0.8611111111111112,0.8732451684668417,0.8610038610038611,0.8732638888888888,0.8611111111111112
alpha_0.03,101,5,8.57710000127554,0.4115999909117818,2.0,1,0.8784722222222222,0.8472222222222222,0.8784590341833967,0.847192745514181,0.8784722222222221,0.8472222222222223
alpha_0.1,11,1,8.130100002745166,0.3519000019878149,2.0,1,0.8732638888888888,0.8680555555555556,0.8732635068947329,0.8678962869972477,0.8732638888888888,0.8680555555555557
alpha_0.1,11,2,7.367100013652816,0.3513999981805682,2.0,1,0.8784722222222222,0.8472222222222222,0.8784590341833967,0.847192745514181,0.8784722222222221,0.8472222222222223
alpha_0.1,11,3,8.237099973484874,0.43559999903663993,2.0,1,0.875,0.8611111111111112,0.8749984929409353,0.8610843141038009,0.875,0.8611111111111112
alpha_0.1,11,4,8.156399999279529,0.384899991331622,2.0,1,0.8680555555555556,0.8541666666666666,0.8677430270218012,0.8533106960950764,0.8680555555555555,0.8541666666666666
alpha_0.1,11,5,7.136200001696125,0.3231999871786684,2.0,1,0.8680555555555556,0.8680555555555556,0.8679982631350412,0.8679982631350412,0.8680555555555556,0.8680555555555556
alpha_0.1,23,1,6.9349000114016235,0.5604999896604568,2.0,1,0.8802083333333334,0.8402777777777778,0.8802050836882511,0.8402700747528333,0.8802083333333334,0.8402777777777779
alpha_0.1,23,2,6.674500007648021,0.33179999445565045,2.0,1,0.8628472222222222,0.9027777777777778,0.8628368867011704,0.9027590198726606,0.8628472222222222,0.9027777777777777
alpha_0.1,23,3,7.715000014286488,0.37850000080652535,2.0,1,0.8715277777777778,0.8541666666666666,0.8715215818664095,0.8533106960950764,0.8715277777777778,0.8541666666666666
alpha_0.1,23,4,8.761999983107671,0.42070000199601054,2.0,1,0.8697916666666666,0.8819444444444444,0.8697912742069174,0.8818931828050369,0.8697916666666666,0.8819444444444445
alpha_0.1,23,5,7.4647000001277775,0.3588999970816076,2.0,1,0.8819444444444444,0.8333333333333334,0.8819088508062085,0.8330434782608696,0.8819444444444446,0.8333333333333334
alpha_0.1,42,1,7.9150000237859786,0.35030001890845597,2.0,1,0.8628472222222222,0.9027777777777778,0.8628368867011704,0.9027590198726606,0.8628472222222222,0.9027777777777777
alpha_0.1,42,2,9.63490002322942,0.4256000102031976,2.0,1,0.8784722222222222,0.8472222222222222,0.8784663612249819,0.8472222222222222,0.8784722222222222,0.8472222222222222
alpha_0.1,42,3,8.841199974995106,0.5761999927926809,2.0,1,0.875,0.8611111111111112,0.8749939715456957,0.8611111111111112,0.875,0.8611111111111112
alpha_0.1,42,4,9.103700023842975,0.42910000775009394,2.0,1,0.8715277777777778,0.875,0.8715215818664095,0.8746130030959752,0.8715277777777778,0.875
alpha_0.1,42,5,9.31919997674413,0.47709999489597976,2.0,1,0.8732638888888888,0.8611111111111112,0.8732451684668417,0.8610843141038009,0.8732638888888888,0.8611111111111112
alpha_0.1,67,1,8.668700000271201,0.42460000258870423,2.0,1,0.8767361111111112,0.8472222222222222,0.8767327672734178,0.8472222222222222,0.876736111111111,0.8472222222222222
alpha_0.1,67,2,8.512800006428733,0.41359997703693807,2.0,1,0.8680555555555556,0.8819444444444444,0.8680491921871232,0.8819387509042682,0.8680555555555556,0.8819444444444444
alpha_0.1,67,3,8.68510000873357,0.40380001883022487,2.0,1,0.8802083333333334,0.8402777777777778,0.880207972270364,0.84020842379505,0.8802083333333334,0.8402777777777778
alpha_0.1,67,4,8.797199989203364,0.4258000117260963,2.0,1,0.8645833333333334,0.9027777777777778,0.8645425053365332,0.9026086956521739,0.8645833333333333,0.9027777777777778
alpha_0.1,67,5,10.012200014898553,0.9126000222750008,2.0,1,0.8767361111111112,0.8263888888888888,0.8765392592234797,0.8253698763036623,0.876736111111111,0.826388888888889
alpha_0.1,101,1,7.671300001675263,0.40259998058900237,2.0,1,0.8663194444444444,0.8958333333333334,0.8663190415191018,0.8957075949978273,0.8663194444444445,0.8958333333333334
alpha_0.1,101,2,8.043500012718141,0.4594000056385994,2.0,1,0.875,0.8402777777777778,0.8749261113456783,0.8402700747528333,0.875,0.8402777777777779
alpha_0.1,101,3,7.574299990665168,0.4349999944679439,2.0,1,0.8715277777777778,0.8680555555555556,0.8715277777777778,0.8678962869972477,0.8715277777777777,0.8680555555555557
alpha_0.1,101,4,8.172700006980449,0.3968999953940511,2.0,1,0.8732638888888888,0.8611111111111112,0.8732451684668417,0.8610038610038611,0.8732638888888888,0.8611111111111112
alpha_0.1,101,5,7.4133999878540635,0.4107999848201871,2.0,1,0.8784722222222222,0.8472222222222222,0.8784590341833967,0.847192745514181,0.8784722222222221,0.8472222222222223
forest_50,11,1,161.12150001572445,6.872700003441423,38.24,50,0.9409722222222222,0.8541666666666666,0.9408859857768977,0.853821240392517,0.9939838927469135,0.9187885802469136
forest_50,11,2,162.47629999998026,5.241200007731095,42.14,50,0.953125,0.8472222222222222,0.953101110652067,0.8469565217391304,0.9947615258487654,0.9297839506172839
forest_50,11,3,174.8000000079628,5.341899988707155,39.04,50,0.9461805555555556,0.8541666666666666,0.9461219317170315,0.853821240392517,0.9928626543209876,0.9297839506172839
forest_50,11,4,167.7301999880001,5.136499996297061,39.84,50,0.9461805555555556,0.8541666666666666,0.9461531270449659,0.853821240392517,0.9931037808641976,0.9253472222222222
forest_50,11,5,167.2864000138361,7.4183999968227,37.78,50,0.9461805555555556,0.8611111111111112,0.946108922993345,0.8608695652173913,0.9942250192901235,0.914158950617284
forest_50,23,1,157.6894000172615,5.364300013752654,39.16,50,0.953125,0.8541666666666666,0.9530931892830967,0.8541596334699784,0.9936463155864198,0.9010416666666667
forest_50,23,2,161.21039999416098,5.0448999973014,39.9,50,0.9461805555555556,0.9166666666666666,0.9461336341998329,0.9166505884622805,0.9936463155864198,0.9441550925925926
forest_50,23,3,168.17489999812096,5.8129999961238354,39.04,50,0.9357638888888888,0.8472222222222222,0.9356613041023768,0.8461538461538461,0.9923201195987655,0.933641975308642
forest_50,23,4,170.60539999511093,5.419799999799579,39.8,50,0.9427083333333334,0.8402777777777778,0.9426694535682294,0.8396514161220043,0.9939838927469136,0.927854938271605
forest_50,23,5,170.90850000386126,4.917200014460832,37.48,50,0.9375,0.8819444444444444,0.9373913043478261,0.8819387509042682,0.9925974151234569,0.9286265432098765
forest_50,42,1,168.58170001069084,5.465900001581758,39.9,50,0.9322916666666666,0.9027777777777778,0.9322179140956204,0.9027027027027027,0.9920187114197532,0.9604552469135802
forest_50,42,2,158.35499999229796,7.041600008960813,38.7,50,0.9496527777777778,0.8611111111111112,0.9495979361223843,0.8611111111111112,0.9937427662037037,0.9213927469135802
forest_50,42,3,172.47029999271035,7.914999994682148,38.6,50,0.9513888888888888,0.8611111111111112,0.9513742326849093,0.8606811145510835,0.9936342592592593,0.9245756172839507
forest_50,42,4,169.35719997854903,4.901800013612956,39.04,50,0.9444444444444444,0.8611111111111112,0.9443901379385251,0.8597857838364167,0.9943335262345679,0.935763888888889
forest_50,42,5,163.75559999141842,9.8260999948252,38.88,50,0.9444444444444444,0.8472222222222222,0.9443901379385251,0.8472222222222222,0.9945987654320988,0.9146412037037037
forest_50,67,1,163.03019999759272,6.318600004306063,38.04,50,0.9461805555555556,0.8402777777777778,0.9461336341998329,0.8400849789966685,0.9938151041666666,0.9223572530864198
forest_50,67,2,167.96690001501702,6.060799991246313,38.64,50,0.9305555555555556,0.875,0.9304717299985514,0.8747826086956522,0.9935498649691359,0.9336419753086419
forest_50,67,3,166.81639998569153,5.677199980709702,39.24,50,0.9548611111111112,0.8333333333333334,0.9548344290970505,0.8333011769245611,0.9950448495370371,0.9101080246913581
forest_50,67,4,178.74650002340786,6.97539999964647,41.42,50,0.9409722222222222,0.9305555555555556,0.9409465914025185,0.9305019305019305,0.9930193865740741,0.9571759259259258
forest_50,67,5,158.78060000250116,7.481800013920292,39.28,50,0.953125,0.8472222222222222,0.9530841330127577,0.846749226006192,0.9933087384259259,0.9162808641975309
forest_50,101,1,162.76010000729002,5.583000020124018,39.14,50,0.9444444444444444,0.8888888888888888,0.9443773839988412,0.8883504555146347,0.9935257523148148,0.9477237654320988
forest_50,101,2,163.71769999386743,5.306000006385148,40.34,50,0.9479166666666666,0.8402777777777778,0.9478657543173672,0.8402700747528333,0.9943938078703705,0.9253472222222222
forest_50,101,3,170.6514999968931,5.469299998367205,38.98,50,0.9479166666666666,0.8611111111111112,0.9478764478764479,0.8606811145510835,0.9941285686728395,0.9324845679012346
forest_50,101,4,175.4658999852836,7.120499998563901,40.52,50,0.9392361111111112,0.8472222222222222,0.9391552356376477,0.847192745514181,0.9935860339506173,0.9151234567901235
forest_50,101,5,161.6857000044547,6.949000002350658,37.38,50,0.9461805555555556,0.8611111111111112,0.9461219317170315,0.8610038610038611,0.9933690200617283,0.9253472222222223
forest_100,11,1,338.34139999817125,10.897599975578487,38.92,100,0.9444444444444444,0.8541666666666666,0.9443773839988412,0.853821240392517,0.9940200617283951,0.9224537037037037
forest_100,11,2,341.17510000942275,9.709299978567287,41.21,100,0.953125,0.8541666666666666,0.9530841330127577,0.8539906329969582,0.9954427083333334,0.9311342592592593
forest_100,11,3,332.97630000743084,11.416800000006333,39.09,100,0.9496527777777778,0.8611111111111112,0.9495979361223843,0.8608695652173913,0.993067611882716,0.9282407407407407
forest_100,11,4,342.8526000061538,12.150299997301772,40.17,100,0.9479166666666666,0.8611111111111112,0.9478858797273659,0.8608695652173913,0.9942611882716049,0.9255401234567902
forest_100,11,5,328.03959999000654,10.258800000883639,37.45,100,0.9479166666666666,0.875,0.9478537974989136,0.8747826086956522,0.9935498649691357,0.915991512345679
forest_100,23,1,328.59540000208654,10.607600008370355,38.76,100,0.9496527777777778,0.8541666666666666,0.9496186107114744,0.8541596334699784,0.9938874421296297,0.9020061728395061
forest_100,23,2,332.4897999991663,10.584999981801957,40.08,100,0.9496527777777778,0.9097222222222222,0.9496186107114744,0.9097178683385581,0.9945023148148147,0.939332561728395
forest_100,23,3,329.10800000536256,10.322499991161749,37.91,100,0.9357638888888888,0.8472222222222222,0.9356613041023768,0.8461538461538461,0.9927782600308643,0.9407793209876543
forest_100,23,4,333.00089999102056,11.018399993190542,40.85,100,0.9479166666666666,0.8402777777777778,0.9478764478764479,0.8396514161220043,0.9951774691358024,0.9301697530864197
forest_100,23,5,329.8516000213567,9.90890001412481,38.26,100,0.9427083333333334,0.8680555555555556,0.9426168387940117,0.8680491921871232,0.9924165702160493,0.9286265432098765
forest_100,42,1,318.69760001427494,14.150000002700835,39.61,100,0.9322916666666666,0.9027777777777778,0.9322179140956204,0.9027027027027027,0.9917534722222222,0.9602623456790124
forest_100,42,2,349.4302000035532,9.247400012100115,37.85,100,0.9444444444444444,0.8611111111111112,0.9443773839988412,0.8611111111111112,0.9935980902777778,0.9272762345679013
forest_100,42,3,327.1901000116486,11.719899979652837,38.98,100,0.9479166666666666,0.8611111111111112,0.9478940512375162,0.8610038610038611,0.994164737654321,0.9245756172839505
forest_100,42,4,336.7914000118617,11.997699999483302,39.1,100,0.9479166666666666,0.8611111111111112,0.9478764478764479,0.859375,0.9947193287037037,0.939429012345679
forest_100,42,5,329.31589998770505,18.174500000895932,38.89,100,0.9479166666666666,0.8472222222222222,0.9478537974989136,0.847192745514181,0.995044849537037,0.9163773148148149
forest_100,67,1,300.3812000097241,11.783800000557676,39.1,100,0.953125,0.8402777777777778,0.9530841330127577,0.8400849789966685,0.9948519483024691,0.9268904320987654
forest_100,67,2,338.2428000040818,9.50750001356937,38.84,100,0.9305555555555556,0.8611111111111112,0.9304717299985514,0.8608695652173913,0.993875385802469,0.9359567901234568
forest_100,67,3,324.09560002270155,11.61139999749139,39.52,100,0.9513888888888888,0.8402777777777778,0.9513601544122082,0.84020842379505,0.9958405671296297,0.9128086419753088
forest_100,67,4,330.1581999985501,10.084699984872714,41.24,100,0.9444444444444444,0.9097222222222222,0.9444116050425236,0.9097178683385581,0.9931640625,0.9562114197530864
forest_100,67,5,323.6752999946475,9.769299998879433,39.19,100,0.9513888888888888,0.8611111111111112,0.9513513513513514,0.8606811145510835,0.994212962962963,0.9191743827160495
forest_100,101,1,328.843199997209,9.557599987601861,40.02,100,0.9409722222222222,0.8819444444444444,0.9408859857768977,0.8812515158864904,0.9944299768518519,0.9523533950617284
forest_100,101,2,331.5948999952525,9.517300000879914,40.22,100,0.9479166666666666,0.8472222222222222,0.9478657543173672,0.847192745514181,0.9941285686728396,0.9253472222222222
forest_100,101,3,335.7901999843307,10.767200001282617,38.81,100,0.9444444444444444,0.8541666666666666,0.9443773839988412,0.8535947712418301,0.9937548225308642,0.9296875
forest_100,101,4,340.61069999006577,9.658299997681752,39.3,100,0.9375,0.8402777777777778,0.9374245569986963,0.84020842379505,0.9937548225308642,0.919945987654321
forest_100,101,5,349.34899999643676,9.304799983510748,37.25,100,0.9461805555555556,0.8680555555555556,0.9461219317170315,0.8679982631350412,0.9929349922839507,0.9284336419753088
forest_300,11,1,984.5413999864832,28.124900010880083,39.266666666666666,300,0.9461805555555556,0.8541666666666666,0.9461336341998329,0.8539906329969582,0.9940080054012346,0.9268904320987654
forest_300,11,2,1030.0960000022314,33.14840001985431,40.85333333333333,300,0.9496527777777778,0.8472222222222222,0.9495857666711938,0.8469565217391304,0.9952498070987653,0.9272762345679012
forest_300,11,3,1083.1239999970421,28.619100019568577,39.00333333333333,300,0.9513888888888888,0.8611111111111112,0.9513413706962094,0.8608695652173913,0.9936222029320988,0.9330632716049383
forest_300,11,4,1006.3762000063434,29.13850001641549,40.58,300,0.9444444444444444,0.875,0.9444015444015443,0.8747826086956522,0.9948278356481481,0.9293981481481481
forest_300,11,5,968.2400000165217,28.45250000245869,38.0,300,0.9479166666666666,0.8680555555555556,0.9478537974989136,0.8677430270218012,0.9940803433641975,0.9150270061728395
forest_300,23,1,980.759099998977,30.253200005972758,38.916666666666664,300,0.9461805555555556,0.8472222222222222,0.9461531270449659,0.8472222222222222,0.9944902584876543,0.9031635802469136
forest_300,23,2,1002.7218000032008,30.13570001348853,39.96666666666667,300,0.9496527777777778,0.9097222222222222,0.9496088836062953,0.9097178683385581,0.9947554976851851,0.9444444444444445
forest_300,23,3,999.019099981524,30.571799987228587,38.46666666666667,300,0.9409722222222222,0.8472222222222222,0.9408859857768977,0.8461538461538461,0.9930796682098765,0.9390432098765431
forest_300,23,4,1065.5289000133052,30.654000001959503,41.04,300,0.9461805555555556,0.8541666666666666,0.9461336341998329,0.853821240392517,0.9952015817901235,0.9299768518518519
forest_300,23,5,996.6558000014629,27.016400010325015,37.8,300,0.9427083333333334,0.8680555555555556,0.9426168387940117,0.8680491921871232,0.9924286265432098,0.9322916666666667
forest_300,42,1,1008.107600006042,29.20379998977296,40.443333333333335,300,0.9340277777777778,0.9097222222222222,0.9339313958682975,0.9096830221450283,0.9923924575617284,0.9577546296296297
forest_300,42,2,955.4404999944381,28.862600011052564,38.266666666666666,300,0.9444444444444444,0.8611111111111112,0.9443773839988412,0.8611111111111112,0.994092399691358,0.9278549382716049
forest_300,42,3,1039.7045999998227,31.398699997225776,38.75333333333333,300,0.9513888888888888,0.8611111111111112,0.9513601544122082,0.8606811145510835,0.9945143711419753,0.9284336419753086
forest_300,42,4,991.1053999967407,36.25750000355765,39.45666666666666,300,0.9444444444444444,0.8611111111111112,0.9443773839988412,0.8597857838364167,0.9943938078703703,0.9334490740740741
forest_300,42,5,1001.8789999885485,29.787999985273927,38.71333333333333,300,0.9496527777777778,0.8541666666666666,0.9495979361223843,0.8541596334699784,0.995141300154321,0.9165702160493827
forest_300,67,1,994.7410000022501,35.10710000409745,38.373333333333335,300,0.9496527777777778,0.8402777777777778,0.9495979361223843,0.8400849789966685,0.9946952160493827,0.9264081790123457
forest_300,67,2,968.8372999953572,30.195400002412498,38.77333333333333,300,0.9375,0.8680555555555556,0.9374245569986963,0.8678962869972477,0.9936342592592593,0.9363425925925926
forest_300,67,3,977.7985999826342,29.551000014180318,39.60666666666667,300,0.953125,0.8333333333333334,0.953101110652067,0.8332046332046332,0.9960816936728395,0.910108024691358
forest_300,67,4,997.4991999915801,29.19799997471273,41.00666666666667,300,0.9479166666666666,0.9097222222222222,0.9478764478764479,0.9096830221450283,0.9933569637345678,0.9558256172839507
forest_300,67,5,961.7016999982297,27.881200017873198,38.81666666666667,300,0.9496527777777778,0.8611111111111112,0.9496088836062953,0.8606811145510835,0.9944661458333334,0.9193672839506172
forest_300,101,1,1008.625899994513,29.31969999917783,40.03666666666667,300,0.9409722222222222,0.8819444444444444,0.9408859857768977,0.8812515158864904,0.9944058641975309,0.9540895061728396
forest_300,101,2,1028.544000000693,28.13869999954477,40.39666666666667,300,0.9479166666666666,0.8472222222222222,0.9478657543173672,0.8472222222222222,0.9945143711419753,0.9307484567901235
forest_300,101,3,1078.6509000172373,30.32399999210611,38.05,300,0.9427083333333334,0.8611111111111112,0.9426459273116787,0.8606811145510835,0.99389949845679,0.9281442901234568
forest_300,101,4,1091.441999975359,33.96979998797178,39.32,300,0.9409722222222222,0.8472222222222222,0.9409145215596828,0.8471042471042471,0.9944661458333333,0.9226466049382716
forest_300,101,5,1073.1552000215743,36.158000002615154,37.653333333333336,300,0.9444444444444444,0.8680555555555556,0.9443773839988412,0.8679982631350412,0.9933931327160493,0.9222608024691358
