,Area,MajorAxisLength,MinorAxisLength,Eccentricity,ConvexArea,Extent,Perimeter,Class
count,720.0,720.0,720.0,720.0,720.0,720.0,720.0,720
unique,,,,,,,,2
top,,,,,,,,Kecimen
freq,,,,,,,,360
mean,88260.13611111112,431.4867608615278,255.29685376027774,0.7803903216416668,91658.0375,0.7000349799819444,1168.3191819444444,
std,39602.3222091805,116.55202394444524,50.98043703666459,0.09256283766024392,41340.081981794094,0.053461721271770436,275.8827949897699,
min,25387.0,225.629541,143.7108718,0.348729642,26139.0,0.379856115,619.074,
25%,59478.0,345.947816125,219.71510560000002,0.74054143075,61612.0,0.67120083725,970.23975,
50%,78902.0,407.80395115,247.98765585,0.798846044,81703.5,0.7079785145,1117.405,
75%,105116.25,496.62384865,282.0722381,0.842201108,108855.5,0.73598354275,1311.9144999999999,
max,235047.0,997.2919406,492.2752785,0.96212444,278217.0,0.835454545,2697.753,
